simNums,times,chosenArms,rewards,cumulativeRewards
1,1,3,0,0
1,2,3,1,1
1,3,1,0,1
1,4,4,0,1
1,5,3,0,1
1,6,2,0,1
1,7,0,0,1
1,8,3,0,1
1,9,1,0,1
1,10,2,1,2
1,11,4,0,2
1,12,3,1,3
1,13,2,1,4
1,14,2,0,4
1,15,0,0,4
1,16,0,0,4
1,17,2,1,5
1,18,3,0,5
1,19,2,1,6
1,20,2,0,6
1,21,4,0,6
1,22,2,0,6
1,23,3,0,6
1,24,2,1,7
1,25,2,1,8
1,26,3,1,9
1,27,2,1,10
1,28,2,0,10
1,29,3,1,11
1,30,2,0,11
1,31,0,0,11
1,32,3,1,12
1,33,2,0,12
1,34,2,0,12
1,35,3,0,12
1,36,3,1,13
1,37,2,0,13
1,38,2,0,13
1,39,2,0,13
1,40,4,0,13
1,41,1,0,13
1,42,3,1,14
1,43,3,1,15
1,44,3,0,15
1,45,3,1,16
1,46,3,1,17
1,47,3,0,17
1,48,3,1,18
1,49,3,1,19
1,50,3,0,19
1,51,3,1,20
1,52,3,0,20
1,53,2,0,20
1,54,3,1,21
1,55,3,0,21
1,56,3,1,22
1,57,3,0,22
1,58,3,1,23
1,59,2,0,23
1,60,3,1,24
1,61,2,0,24
1,62,3,1,25
1,63,3,1,26
1,64,3,0,26
1,65,3,1,27
1,66,3,1,28
1,67,3,1,29
1,68,3,0,29
1,69,3,0,29
1,70,3,1,30
1,71,3,1,31
1,72,3,0,31
1,73,3,1,32
1,74,3,0,32
1,75,3,1,33
1,76,3,0,33
1,77,3,0,33
1,78,3,0,33
1,79,3,1,34
1,80,3,1,35
1,81,3,1,36
1,82,3,0,36
1,83,3,0,36
1,84,3,1,37
1,85,3,1,38
1,86,3,1,39
1,87,3,1,40
1,88,3,1,41
1,89,3,1,42
1,90,3,0,42
1,91,3,1,43
1,92,0,0,43
1,93,3,1,44
1,94,3,1,45
1,95,3,1,46
1,96,3,0,46
1,97,3,1,47
1,98,3,1,48
1,99,3,0,48
1,100,3,1,49
1,101,3,1,50
1,102,3,0,50
1,103,3,0,50
1,104,3,0,50
1,105,3,0,50
1,106,3,0,50
1,107,3,1,51
1,108,3,1,52
1,109,3,1,53
1,110,3,1,54
1,111,3,1,55
1,112,3,1,56
1,113,3,0,56
1,114,3,0,56
1,115,3,1,57
1,116,3,1,58
1,117,3,1,59
1,118,3,0,59
1,119,3,1,60
1,120,3,0,60
1,121,3,1,61
1,122,3,1,62
1,123,3,0,62
1,124,3,1,63
1,125,3,1,64
1,126,1,0,64
1,127,3,0,64
1,128,3,1,65
1,129,3,1,66
1,130,3,1,67
1,131,3,1,68
1,132,3,1,69
1,133,3,1,70
1,134,3,0,70
1,135,3,0,70
1,136,3,0,70
1,137,3,1,71
1,138,3,1,72
1,139,3,0,72
1,140,3,1,73
1,141,3,1,74
1,142,3,1,75
1,143,3,1,76
1,144,3,0,76
1,145,3,0,76
1,146,1,0,76
1,147,3,1,77
1,148,3,1,78
1,149,3,1,79
1,150,3,0,79
1,151,3,1,80
1,152,3,0,80
1,153,3,1,81
1,154,3,0,81
1,155,3,0,81
1,156,3,1,82
1,157,3,1,83
1,158,3,0,83
1,159,3,0,83
1,160,3,1,84
1,161,3,0,84
1,162,3,1,85
1,163,3,1,86
1,164,3,1,87
1,165,3,0,87
1,166,3,0,87
1,167,3,0,87
1,168,3,1,88
1,169,3,1,89
1,170,3,0,89
1,171,3,0,89
1,172,3,0,89
1,173,3,0,89
1,174,3,1,90
1,175,3,0,90
1,176,3,1,91
1,177,3,1,92
1,178,3,0,92
1,179,3,1,93
1,180,3,0,93
1,181,3,0,93
1,182,3,1,94
1,183,3,0,94
1,184,3,1,95
1,185,3,1,96
1,186,3,1,97
1,187,3,1,98
1,188,3,0,98
1,189,3,0,98
1,190,3,0,98
1,191,3,0,98
1,192,3,0,98
1,193,3,1,99
1,194,3,1,100
1,195,3,1,101
1,196,3,1,102
1,197,3,1,103
1,198,3,1,104
1,199,3,1,105
1,200,3,0,105
1,201,3,0,105
1,202,3,0,105
1,203,3,0,105
1,204,3,1,106
1,205,3,1,107
1,206,3,0,107
1,207,3,1,108
1,208,3,1,109
1,209,3,1,110
1,210,4,0,110
1,211,3,0,110
1,212,3,1,111
1,213,3,0,111
1,214,3,1,112
1,215,3,1,113
1,216,3,0,113
1,217,3,1,114
1,218,3,0,114
1,219,3,1,115
1,220,3,1,116
1,221,3,1,117
1,222,3,0,117
1,223,3,0,117
1,224,3,1,118
1,225,3,1,119
1,226,3,1,120
1,227,3,0,120
1,228,3,0,120
1,229,3,1,121
1,230,3,0,121
1,231,3,1,122
1,232,3,1,123
1,233,3,0,123
1,234,3,0,123
1,235,3,1,124
1,236,3,1,125
1,237,1,0,125
1,238,3,1,126
1,239,3,1,127
1,240,3,0,127
1,241,3,0,127
1,242,3,0,127
1,243,3,1,128
1,244,3,0,128
1,245,3,1,129
1,246,3,0,129
1,247,3,1,130
1,248,3,0,130
1,249,3,0,130
1,250,3,1,131
2,1,3,0,0
2,2,0,0,0
2,3,4,0,0
2,4,1,0,0
2,5,2,0,0
2,6,0,0,0
2,7,3,1,1
2,8,3,0,1
2,9,3,1,2
2,10,3,0,2
2,11,3,0,2
2,12,0,0,2
2,13,4,0,2
2,14,3,1,3
2,15,3,1,4
2,16,4,1,5
2,17,1,0,5
2,18,4,0,5
2,19,2,0,5
2,20,3,0,5
2,21,3,1,6
2,22,4,0,6
2,23,3,1,7
2,24,3,1,8
2,25,3,1,9
2,26,3,0,9
2,27,4,0,9
2,28,3,1,10
2,29,2,1,11
2,30,2,0,11
2,31,3,1,12
2,32,3,1,13
2,33,3,1,14
2,34,3,1,15
2,35,2,0,15
2,36,3,1,16
2,37,3,1,17
2,38,3,0,17
2,39,3,1,18
2,40,3,1,19
2,41,3,1,20
2,42,3,0,20
2,43,3,1,21
2,44,3,1,22
2,45,3,1,23
2,46,3,0,23
2,47,3,1,24
2,48,3,1,25
2,49,3,0,25
2,50,3,1,26
2,51,3,0,26
2,52,3,0,26
2,53,3,0,26
2,54,3,1,27
2,55,3,1,28
2,56,3,1,29
2,57,3,0,29
2,58,3,1,30
2,59,3,1,31
2,60,3,1,32
2,61,3,1,33
2,62,3,0,33
2,63,3,0,33
2,64,3,0,33
2,65,3,1,34
2,66,2,0,34
2,67,3,0,34
2,68,3,1,35
2,69,3,0,35
2,70,3,1,36
2,71,3,0,36
2,72,3,0,36
2,73,3,1,37
2,74,3,0,37
2,75,3,0,37
2,76,3,0,37
2,77,3,0,37
2,78,3,1,38
2,79,3,1,39
2,80,0,0,39
2,81,3,0,39
2,82,1,0,39
2,83,3,0,39
2,84,3,0,39
2,85,3,0,39
2,86,3,1,40
2,87,3,1,41
2,88,3,1,42
2,89,3,1,43
2,90,3,1,44
2,91,3,0,44
2,92,4,0,44
2,93,3,1,45
2,94,3,1,46
2,95,3,1,47
2,96,3,0,47
2,97,3,0,47
2,98,3,1,48
2,99,3,0,48
2,100,3,1,49
2,101,3,1,50
2,102,3,0,50
2,103,3,1,51
2,104,3,1,52
2,105,3,1,53
2,106,3,1,54
2,107,3,0,54
2,108,3,1,55
2,109,3,1,56
2,110,3,0,56
2,111,3,1,57
2,112,3,1,58
2,113,0,0,58
2,114,3,1,59
2,115,3,1,60
2,116,3,1,61
2,117,3,0,61
2,118,2,0,61
2,119,3,0,61
2,120,3,0,61
2,121,1,1,62
2,122,3,0,62
2,123,3,1,63
2,124,3,1,64
2,125,3,1,65
2,126,1,1,66
2,127,3,1,67
2,128,1,1,68
2,129,3,0,68
2,130,1,0,68
2,131,3,0,68
2,132,1,0,68
2,133,3,1,69
2,134,3,1,70
2,135,3,1,71
2,136,1,0,71
2,137,3,1,72
2,138,3,1,73
2,139,3,0,73
2,140,3,1,74
2,141,3,1,75
2,142,3,1,76
2,143,3,1,77
2,144,3,1,78
2,145,1,0,78
2,146,3,0,78
2,147,3,0,78
2,148,3,0,78
2,149,0,0,78
2,150,3,1,79
2,151,3,0,79
2,152,3,1,80
2,153,3,1,81
2,154,3,0,81
2,155,4,0,81
2,156,3,1,82
2,157,2,0,82
2,158,3,0,82
2,159,3,1,83
2,160,3,0,83
2,161,3,0,83
2,162,3,1,84
2,163,3,1,85
2,164,3,0,85
2,165,3,1,86
2,166,3,1,87
2,167,3,1,88
2,168,3,1,89
2,169,3,1,90
2,170,3,1,91
2,171,3,1,92
2,172,3,1,93
2,173,3,1,94
2,174,3,1,95
2,175,3,1,96
2,176,3,0,96
2,177,3,1,97
2,178,3,1,98
2,179,3,1,99
2,180,3,1,100
2,181,3,0,100
2,182,3,1,101
2,183,3,1,102
2,184,3,1,103
2,185,3,1,104
2,186,3,0,104
2,187,3,0,104
2,188,3,1,105
2,189,3,1,106
2,190,3,0,106
2,191,3,0,106
2,192,3,0,106
2,193,3,1,107
2,194,3,1,108
2,195,3,1,109
2,196,3,0,109
2,197,3,1,110
2,198,3,0,110
2,199,3,1,111
2,200,3,0,111
2,201,3,0,111
2,202,3,0,111
2,203,3,0,111
2,204,3,0,111
2,205,3,1,112
2,206,3,1,113
2,207,3,0,113
2,208,1,0,113
2,209,3,0,113
2,210,3,0,113
2,211,3,0,113
2,212,3,1,114
2,213,3,0,114
2,214,3,1,115
2,215,3,0,115
2,216,3,1,116
2,217,3,0,116
2,218,3,1,117
2,219,3,1,118
2,220,3,1,119
2,221,3,1,120
2,222,3,1,121
2,223,3,1,122
2,224,3,1,123
2,225,3,1,124
2,226,3,1,125
2,227,3,0,125
2,228,3,1,126
2,229,3,1,127
2,230,3,1,128
2,231,3,0,128
2,232,3,0,128
2,233,3,0,128
2,234,3,1,129
2,235,3,1,130
2,236,3,0,130
2,237,3,1,131
2,238,3,0,131
2,239,3,1,132
2,240,3,1,133
2,241,3,0,133
2,242,3,0,133
2,243,3,1,134
2,244,3,1,135
2,245,3,0,135
2,246,3,1,136
2,247,3,0,136
2,248,3,0,136
2,249,3,1,137
2,250,3,1,138
3,1,2,0,0
3,2,1,0,0
3,3,3,0,0
3,4,2,0,0
3,5,1,0,0
3,6,0,0,0
3,7,3,1,1
3,8,4,0,1
3,9,4,0,1
3,10,3,1,2
3,11,3,1,3
3,12,4,0,3
3,13,3,1,4
3,14,3,1,5
3,15,3,1,6
3,16,3,1,7
3,17,0,0,7
3,18,3,1,8
3,19,3,1,9
3,20,3,1,10
3,21,3,1,11
3,22,3,0,11
3,23,3,1,12
3,24,3,0,12
3,25,3,0,12
3,26,1,0,12
3,27,3,1,13
3,28,3,0,13
3,29,3,0,13
3,30,3,1,14
3,31,3,0,14
3,32,3,1,15
3,33,3,0,15
3,34,3,1,16
3,35,3,0,16
3,36,3,1,17
3,37,3,0,17
3,38,3,0,17
3,39,3,1,18
3,40,1,0,18
3,41,3,0,18
3,42,3,1,19
3,43,3,1,20
3,44,2,1,21
3,45,3,0,21
3,46,2,0,21
3,47,2,1,22
3,48,3,1,23
3,49,2,0,23
3,50,3,0,23
3,51,3,0,23
3,52,3,0,23
3,53,3,1,24
3,54,3,0,24
3,55,3,1,25
3,56,3,0,25
3,57,0,0,25
3,58,3,0,25
3,59,2,0,25
3,60,3,1,26
3,61,3,1,27
3,62,3,1,28
3,63,3,1,29
3,64,3,0,29
3,65,3,1,30
3,66,3,1,31
3,67,3,1,32
3,68,3,1,33
3,69,3,0,33
3,70,3,1,34
3,71,3,0,34
3,72,3,1,35
3,73,2,0,35
3,74,3,1,36
3,75,4,0,36
3,76,3,0,36
3,77,3,0,36
3,78,3,1,37
3,79,3,0,37
3,80,3,1,38
3,81,3,0,38
3,82,2,1,39
3,83,3,1,40
3,84,3,1,41
3,85,3,0,41
3,86,3,0,41
3,87,3,1,42
3,88,3,0,42
3,89,3,1,43
3,90,3,1,44
3,91,3,0,44
3,92,0,0,44
3,93,3,1,45
3,94,1,0,45
3,95,2,0,45
3,96,3,0,45
3,97,3,1,46
3,98,3,1,47
3,99,3,1,48
3,100,3,1,49
3,101,3,0,49
3,102,3,1,50
3,103,2,0,50
3,104,3,1,51
3,105,3,1,52
3,106,3,1,53
3,107,3,0,53
3,108,3,1,54
3,109,3,1,55
3,110,3,0,55
3,111,3,1,56
3,112,3,0,56
3,113,3,1,57
3,114,3,1,58
3,115,3,1,59
3,116,3,1,60
3,117,3,1,61
3,118,3,0,61
3,119,3,1,62
3,120,3,1,63
3,121,3,0,63
3,122,3,1,64
3,123,2,0,64
3,124,3,1,65
3,125,3,1,66
3,126,3,1,67
3,127,3,1,68
3,128,3,1,69
3,129,3,0,69
3,130,3,1,70
3,131,3,1,71
3,132,3,1,72
3,133,3,1,73
3,134,3,1,74
3,135,3,0,74
3,136,3,0,74
3,137,3,1,75
3,138,3,1,76
3,139,3,1,77
3,140,3,0,77
3,141,3,1,78
3,142,3,1,79
3,143,3,0,79
3,144,3,1,80
3,145,3,0,80
3,146,3,0,80
3,147,3,0,80
3,148,3,1,81
3,149,3,1,82
3,150,3,0,82
3,151,3,1,83
3,152,3,0,83
3,153,3,0,83
3,154,3,1,84
3,155,3,1,85
3,156,3,1,86
3,157,3,1,87
3,158,3,0,87
3,159,3,0,87
3,160,3,1,88
3,161,3,0,88
3,162,3,1,89
3,163,0,0,89
3,164,3,0,89
3,165,3,0,89
3,166,3,1,90
3,167,3,0,90
3,168,3,1,91
3,169,3,1,92
3,170,3,1,93
3,171,3,1,94
3,172,3,0,94
3,173,3,1,95
3,174,3,1,96
3,175,3,1,97
3,176,3,0,97
3,177,3,1,98
3,178,3,0,98
3,179,3,1,99
3,180,3,1,100
3,181,3,1,101
3,182,3,1,102
3,183,3,0,102
3,184,3,1,103
3,185,3,0,103
3,186,3,1,104
3,187,3,0,104
3,188,3,0,104
3,189,3,1,105
3,190,3,1,106
3,191,3,0,106
3,192,3,1,107
3,193,3,0,107
3,194,3,0,107
3,195,3,1,108
3,196,3,0,108
3,197,3,1,109
3,198,3,1,110
3,199,3,0,110
3,200,3,1,111
3,201,3,1,112
3,202,3,1,113
3,203,3,0,113
3,204,3,1,114
3,205,3,1,115
3,206,3,1,116
3,207,3,0,116
3,208,3,1,117
3,209,3,0,117
3,210,3,1,118
3,211,3,1,119
3,212,3,0,119
3,213,3,0,119
3,214,3,1,120
3,215,3,1,121
3,216,3,1,122
3,217,3,1,123
3,218,3,0,123
3,219,3,1,124
3,220,3,1,125
3,221,3,0,125
3,222,3,0,125
3,223,3,1,126
3,224,3,1,127
3,225,3,1,128
3,226,3,1,129
3,227,3,0,129
3,228,0,1,130
3,229,3,1,131
3,230,3,0,131
3,231,3,0,131
3,232,3,1,132
3,233,3,1,133
3,234,3,1,134
3,235,3,0,134
3,236,3,0,134
3,237,3,1,135
3,238,3,0,135
3,239,3,1,136
3,240,3,0,136
3,241,3,1,137
3,242,3,1,138
3,243,3,1,139
3,244,3,0,139
3,245,3,0,139
3,246,3,0,139
3,247,3,1,140
3,248,3,1,141
3,249,3,1,142
3,250,3,1,143
4,1,1,0,0
4,2,2,1,1
4,3,4,0,1
4,4,2,1,2
4,5,2,1,3
4,6,1,0,3
4,7,2,0,3
4,8,3,1,4
4,9,0,0,4
4,10,0,0,4
4,11,3,1,5
4,12,3,1,6
4,13,4,0,6
4,14,3,1,7
4,15,0,0,7
4,16,3,1,8
4,17,3,0,8
4,18,3,1,9
4,19,3,1,10
4,20,2,1,11
4,21,3,0,11
4,22,0,0,11
4,23,3,1,12
4,24,3,0,12
4,25,3,1,13
4,26,2,0,13
4,27,2,0,13
4,28,3,1,14
4,29,4,0,14
4,30,2,0,14
4,31,3,0,14
4,32,3,1,15
4,33,3,1,16
4,34,3,0,16
4,35,3,1,17
4,36,3,0,17
4,37,3,1,18
4,38,3,1,19
4,39,3,0,19
4,40,3,1,20
4,41,2,0,20
4,42,3,1,21
4,43,3,1,22
4,44,3,0,22
4,45,3,1,23
4,46,2,1,24
4,47,3,0,24
4,48,3,1,25
4,49,3,1,26
4,50,3,0,26
4,51,3,1,27
4,52,3,1,28
4,53,3,1,29
4,54,3,1,30
4,55,3,1,31
4,56,3,1,32
4,57,3,0,32
4,58,3,1,33
4,59,3,1,34
4,60,3,1,35
4,61,3,1,36
4,62,1,0,36
4,63,3,0,36
4,64,3,0,36
4,65,3,1,37
4,66,3,1,38
4,67,3,1,39
4,68,3,1,40
4,69,3,1,41
4,70,3,1,42
4,71,3,0,42
4,72,3,0,42
4,73,3,1,43
4,74,2,1,44
4,75,3,1,45
4,76,3,1,46
4,77,3,0,46
4,78,3,1,47
4,79,3,0,47
4,80,2,1,48
4,81,2,0,48
4,82,3,1,49
4,83,3,1,50
4,84,3,0,50
4,85,4,0,50
4,86,3,0,50
4,87,3,1,51
4,88,3,1,52
4,89,3,0,52
4,90,3,0,52
4,91,3,1,53
4,92,3,0,53
4,93,2,1,54
4,94,3,0,54
4,95,3,0,54
4,96,2,0,54
4,97,3,1,55
4,98,3,1,56
4,99,3,1,57
4,100,3,0,57
4,101,3,0,57
4,102,3,1,58
4,103,2,0,58
4,104,3,1,59
4,105,3,0,59
4,106,3,1,60
4,107,3,0,60
4,108,3,0,60
4,109,3,0,60
4,110,3,0,60
4,111,3,1,61
4,112,3,0,61
4,113,3,1,62
4,114,3,0,62
4,115,3,1,63
4,116,3,1,64
4,117,3,1,65
4,118,2,0,65
4,119,3,0,65
4,120,3,1,66
4,121,3,1,67
4,122,3,0,67
4,123,3,1,68
4,124,3,1,69
4,125,3,0,69
4,126,3,1,70
4,127,3,1,71
4,128,3,1,72
4,129,1,0,72
4,130,3,1,73
4,131,3,1,74
4,132,3,1,75
4,133,3,1,76
4,134,3,0,76
4,135,3,1,77
4,136,3,1,78
4,137,3,0,78
4,138,3,1,79
4,139,3,0,79
4,140,3,1,80
4,141,3,1,81
4,142,2,0,81
4,143,3,1,82
4,144,3,1,83
4,145,3,1,84
4,146,3,1,85
4,147,3,1,86
4,148,3,0,86
4,149,3,1,87
4,150,3,1,88
4,151,3,0,88
4,152,3,1,89
4,153,3,1,90
4,154,3,1,91
4,155,3,1,92
4,156,3,1,93
4,157,3,0,93
4,158,3,0,93
4,159,3,1,94
4,160,3,1,95
4,161,3,0,95
4,162,3,0,95
4,163,3,1,96
4,164,3,1,97
4,165,3,1,98
4,166,3,1,99
4,167,3,0,99
4,168,3,0,99
4,169,3,0,99
4,170,3,1,100
4,171,3,1,101
4,172,3,1,102
4,173,3,0,102
4,174,3,0,102
4,175,3,1,103
4,176,3,1,104
4,177,3,0,104
4,178,3,1,105
4,179,3,0,105
4,180,3,0,105
4,181,3,1,106
4,182,3,1,107
4,183,3,1,108
4,184,3,0,108
4,185,3,0,108
4,186,3,1,109
4,187,3,0,109
4,188,3,0,109
4,189,3,1,110
4,190,3,0,110
4,191,3,0,110
4,192,3,1,111
4,193,3,1,112
4,194,3,1,113
4,195,3,1,114
4,196,3,0,114
4,197,3,1,115
4,198,3,0,115
4,199,3,1,116
4,200,3,1,117
4,201,3,1,118
4,202,3,1,119
4,203,3,1,120
4,204,3,1,121
4,205,3,0,121
4,206,3,1,122
4,207,3,1,123
4,208,3,1,124
4,209,3,0,124
4,210,3,1,125
4,211,3,0,125
4,212,3,1,126
4,213,3,0,126
4,214,3,0,126
4,215,3,0,126
4,216,3,1,127
4,217,3,1,128
4,218,3,1,129
4,219,3,0,129
4,220,3,1,130
4,221,3,0,130
4,222,3,0,130
4,223,3,0,130
4,224,3,0,130
4,225,3,1,131
4,226,3,0,131
4,227,3,1,132
4,228,3,1,133
4,229,3,1,134
4,230,3,1,135
4,231,3,1,136
4,232,3,1,137
4,233,3,1,138
4,234,3,1,139
4,235,3,0,139
4,236,3,1,140
4,237,3,1,141
4,238,3,1,142
4,239,3,0,142
4,240,3,1,143
4,241,3,1,144
4,242,2,0,144
4,243,3,1,145
4,244,3,0,145
4,245,3,0,145
4,246,3,1,146
4,247,3,0,146
4,248,3,1,147
4,249,3,0,147
4,250,3,1,148
5,1,4,0,0
5,2,2,0,0
5,3,3,1,1
5,4,0,0,1
5,5,3,1,2
5,6,2,0,2
5,7,0,0,2
5,8,3,0,2
5,9,3,1,3
5,10,3,1,4
5,11,1,0,4
5,12,2,1,5
5,13,3,1,6
5,14,3,1,7
5,15,3,0,7
5,16,3,0,7
5,17,3,1,8
5,18,3,1,9
5,19,3,1,10
5,20,3,1,11
5,21,3,1,12
5,22,3,0,12
5,23,2,0,12
5,24,3,0,12
5,25,3,1,13
5,26,2,0,13
5,27,3,1,14
5,28,3,1,15
5,29,3,1,16
5,30,1,0,16
5,31,3,0,16
5,32,3,1,17
5,33,3,0,17
5,34,3,0,17
5,35,3,1,18
5,36,3,1,19
5,37,3,1,20
5,38,3,1,21
5,39,4,0,21
5,40,3,1,22
5,41,3,1,23
5,42,3,1,24
5,43,3,0,24
5,44,3,1,25
5,45,3,1,26
5,46,3,0,26
5,47,3,0,26
5,48,3,1,27
5,49,3,1,28
5,50,3,0,28
5,51,1,0,28
5,52,3,1,29
5,53,3,0,29
5,54,3,1,30
5,55,4,0,30
5,56,3,0,30
5,57,3,1,31
5,58,3,1,32
5,59,3,0,32
5,60,4,0,32
5,61,3,1,33
5,62,3,1,34
5,63,3,0,34
5,64,3,0,34
5,65,3,1,35
5,66,3,0,35
5,67,3,1,36
5,68,3,1,37
5,69,3,1,38
5,70,3,1,39
5,71,3,1,40
5,72,3,1,41
5,73,3,1,42
5,74,3,1,43
5,75,3,0,43
5,76,3,0,43
5,77,3,1,44
5,78,3,1,45
5,79,0,0,45
5,80,3,0,45
5,81,3,0,45
5,82,3,1,46
5,83,2,1,47
5,84,3,0,47
5,85,3,1,48
5,86,3,1,49
5,87,2,1,50
5,88,3,0,50
5,89,3,1,51
5,90,3,1,52
5,91,3,1,53
5,92,3,0,53
5,93,3,1,54
5,94,3,0,54
5,95,3,1,55
5,96,3,1,56
5,97,3,1,57
5,98,3,1,58
5,99,3,1,59
5,100,3,1,60
5,101,2,0,60
5,102,3,1,61
5,103,3,1,62
5,104,3,1,63
5,105,3,0,63
5,106,3,0,63
5,107,3,0,63
5,108,3,1,64
5,109,3,1,65
5,110,3,0,65
5,111,3,1,66
5,112,3,0,66
5,113,3,1,67
5,114,3,0,67
5,115,3,1,68
5,116,3,1,69
5,117,3,0,69
5,118,3,1,70
5,119,3,0,70
5,120,3,1,71
5,121,3,1,72
5,122,3,1,73
5,123,3,0,73
5,124,4,0,73
5,125,3,1,74
5,126,2,1,75
5,127,3,0,75
5,128,3,0,75
5,129,3,0,75
5,130,2,1,76
5,131,3,1,77
5,132,3,0,77
5,133,3,1,78
5,134,3,1,79
5,135,2,0,79
5,136,3,1,80
5,137,3,0,80
5,138,3,0,80
5,139,3,1,81
5,140,3,0,81
5,141,2,0,81
5,142,3,1,82
5,143,3,0,82
5,144,2,0,82
5,145,3,0,82
5,146,3,1,83
5,147,3,1,84
5,148,3,1,85
5,149,3,1,86
5,150,3,1,87
5,151,3,1,88
5,152,3,1,89
5,153,3,0,89
5,154,3,1,90
5,155,3,1,91
5,156,3,0,91
5,157,3,1,92
5,158,3,1,93
5,159,3,0,93
5,160,3,0,93
5,161,3,0,93
5,162,3,1,94
5,163,3,1,95
5,164,3,1,96
5,165,3,0,96
5,166,3,1,97
5,167,3,1,98
5,168,3,1,99
5,169,3,1,100
5,170,3,0,100
5,171,3,1,101
5,172,3,1,102
5,173,3,1,103
5,174,3,1,104
5,175,3,0,104
5,176,2,0,104
5,177,3,1,105
5,178,3,0,105
5,179,3,1,106
5,180,3,1,107
5,181,3,1,108
5,182,3,1,109
5,183,3,0,109
5,184,3,1,110
5,185,3,1,111
5,186,3,0,111
5,187,3,0,111
5,188,3,1,112
5,189,3,0,112
5,190,1,0,112
5,191,3,1,113
5,192,3,0,113
5,193,3,1,114
5,194,3,1,115
5,195,3,0,115
5,196,3,0,115
5,197,3,0,115
5,198,3,1,116
5,199,3,0,116
5,200,3,1,117
5,201,3,0,117
5,202,3,0,117
5,203,3,1,118
5,204,3,1,119
5,205,3,0,119
5,206,3,0,119
5,207,3,0,119
5,208,3,0,119
5,209,3,1,120
5,210,3,0,120
5,211,3,0,120
5,212,3,0,120
5,213,3,1,121
5,214,3,1,122
5,215,3,1,123
5,216,3,1,124
5,217,3,0,124
5,218,3,1,125
5,219,3,1,126
5,220,3,1,127
5,221,3,1,128
5,222,3,1,129
5,223,3,1,130
5,224,3,1,131
5,225,3,1,132
5,226,3,1,133
5,227,3,0,133
5,228,3,1,134
5,229,3,1,135
5,230,3,0,135
5,231,3,0,135
5,232,3,1,136
5,233,3,1,137
5,234,2,0,137
5,235,3,1,138
5,236,3,1,139
5,237,3,0,139
5,238,3,0,139
5,239,3,1,140
5,240,3,1,141
5,241,3,0,141
5,242,3,0,141
5,243,3,1,142
5,244,3,0,142
5,245,2,0,142
5,246,0,1,143
5,247,3,1,144
5,248,3,1,145
5,249,3,0,145
5,250,3,1,146
6,1,4,1,1
6,2,4,0,1
6,3,3,0,1
6,4,2,0,1
6,5,1,0,1
6,6,0,0,1
6,7,1,1,2
6,8,0,0,2
6,9,2,0,2
6,10,4,0,2
6,11,0,0,2
6,12,3,1,3
6,13,3,0,3
6,14,4,0,3
6,15,3,1,4
6,16,3,1,5
6,17,2,0,5
6,18,3,0,5
6,19,1,0,5
6,20,1,0,5
6,21,3,1,6
6,22,4,0,6
6,23,3,1,7
6,24,3,1,8
6,25,3,1,9
6,26,3,1,10
6,27,3,0,10
6,28,3,1,11
6,29,3,1,12
6,30,3,1,13
6,31,3,0,13
6,32,0,0,13
6,33,3,0,13
6,34,3,0,13
6,35,3,1,14
6,36,3,1,15
6,37,3,0,15
6,38,3,0,15
6,39,2,0,15
6,40,3,1,16
6,41,3,0,16
6,42,3,1,17
6,43,3,1,18
6,44,1,0,18
6,45,3,1,19
6,46,3,1,20
6,47,3,1,21
6,48,3,0,21
6,49,3,1,22
6,50,3,0,22
6,51,3,1,23
6,52,3,0,23
6,53,3,1,24
6,54,3,0,24
6,55,3,1,25
6,56,3,0,25
6,57,3,0,25
6,58,3,1,26
6,59,3,1,27
6,60,1,1,28
6,61,3,0,28
6,62,3,1,29
6,63,4,1,30
6,64,4,0,30
6,65,1,0,30
6,66,3,1,31
6,67,3,0,31
6,68,3,1,32
6,69,3,0,32
6,70,4,0,32
6,71,3,1,33
6,72,3,0,33
6,73,3,1,34
6,74,3,1,35
6,75,4,0,35
6,76,3,0,35
6,77,3,1,36
6,78,3,1,37
6,79,3,1,38
6,80,3,1,39
6,81,2,0,39
6,82,3,1,40
6,83,3,0,40
6,84,3,1,41
6,85,3,0,41
6,86,3,0,41
6,87,3,0,41
6,88,3,0,41
6,89,3,0,41
6,90,1,0,41
6,91,3,1,42
6,92,3,0,42
6,93,3,0,42
6,94,3,1,43
6,95,3,1,44
6,96,3,0,44
6,97,3,1,45
6,98,3,0,45
6,99,3,1,46
6,100,3,1,47
6,101,3,1,48
6,102,3,1,49
6,103,3,0,49
6,104,3,0,49
6,105,3,1,50
6,106,3,0,50
6,107,3,1,51
6,108,3,1,52
6,109,3,0,52
6,110,3,1,53
6,111,3,1,54
6,112,3,0,54
6,113,3,0,54
6,114,3,1,55
6,115,0,0,55
6,116,3,1,56
6,117,3,1,57
6,118,3,1,58
6,119,3,1,59
6,120,3,0,59
6,121,3,1,60
6,122,3,0,60
6,123,3,0,60
6,124,3,1,61
6,125,3,1,62
6,126,3,0,62
6,127,3,1,63
6,128,3,0,63
6,129,3,1,64
6,130,3,0,64
6,131,3,0,64
6,132,3,1,65
6,133,3,0,65
6,134,3,1,66
6,135,3,1,67
6,136,3,0,67
6,137,3,1,68
6,138,3,1,69
6,139,3,1,70
6,140,3,0,70
6,141,3,1,71
6,142,3,1,72
6,143,3,1,73
6,144,3,0,73
6,145,3,1,74
6,146,3,1,75
6,147,3,0,75
6,148,3,0,75
6,149,3,1,76
6,150,1,0,76
6,151,3,1,77
6,152,3,1,78
6,153,3,0,78
6,154,3,0,78
6,155,3,1,79
6,156,3,1,80
6,157,3,1,81
6,158,3,1,82
6,159,3,0,82
6,160,3,0,82
6,161,3,1,83
6,162,3,1,84
6,163,3,0,84
6,164,3,0,84
6,165,3,0,84
6,166,3,1,85
6,167,3,1,86
6,168,3,1,87
6,169,3,0,87
6,170,3,0,87
6,171,3,1,88
6,172,3,1,89
6,173,3,1,90
6,174,3,0,90
6,175,3,1,91
6,176,3,1,92
6,177,3,1,93
6,178,3,1,94
6,179,3,0,94
6,180,3,0,94
6,181,3,0,94
6,182,3,1,95
6,183,3,0,95
6,184,3,0,95
6,185,3,1,96
6,186,3,1,97
6,187,3,1,98
6,188,3,0,98
6,189,3,1,99
6,190,3,1,100
6,191,3,1,101
6,192,3,0,101
6,193,3,0,101
6,194,3,0,101
6,195,3,0,101
6,196,1,0,101
6,197,3,0,101
6,198,3,0,101
6,199,3,1,102
6,200,3,0,102
6,201,3,1,103
6,202,3,0,103
6,203,4,0,103
6,204,3,1,104
6,205,3,0,104
6,206,3,1,105
6,207,3,1,106
6,208,3,1,107
6,209,3,1,108
6,210,3,1,109
6,211,3,1,110
6,212,3,1,111
6,213,3,1,112
6,214,3,0,112
6,215,3,0,112
6,216,3,0,112
6,217,3,0,112
6,218,3,1,113
6,219,3,0,113
6,220,3,1,114
6,221,3,0,114
6,222,1,0,114
6,223,3,0,114
6,224,3,1,115
6,225,4,0,115
6,226,3,0,115
6,227,3,0,115
6,228,3,1,116
6,229,2,0,116
6,230,3,1,117
6,231,3,0,117
6,232,3,1,118
6,233,3,1,119
6,234,3,0,119
6,235,3,0,119
6,236,3,0,119
6,237,3,0,119
6,238,3,1,120
6,239,3,0,120
6,240,3,0,120
6,241,3,0,120
6,242,3,0,120
6,243,3,1,121
6,244,3,1,122
6,245,3,1,123
6,246,3,0,123
6,247,3,1,124
6,248,3,1,125
6,249,3,0,125
6,250,3,1,126
7,1,4,0,0
7,2,0,0,0
7,3,0,0,0
7,4,3,1,1
7,5,2,0,1
7,6,1,0,1
7,7,2,1,2
7,8,3,1,3
7,9,4,0,3
7,10,2,1,4
7,11,3,1,5
7,12,3,0,5
7,13,3,1,6
7,14,3,1,7
7,15,2,0,7
7,16,3,0,7
7,17,3,0,7
7,18,3,1,8
7,19,2,0,8
7,20,1,0,8
7,21,2,0,8
7,22,3,0,8
7,23,3,1,9
7,24,0,1,10
7,25,3,0,10
7,26,3,1,11
7,27,1,0,11
7,28,2,0,11
7,29,2,0,11
7,30,3,1,12
7,31,3,1,13
7,32,0,0,13
7,33,3,0,13
7,34,3,0,13
7,35,3,0,13
7,36,3,1,14
7,37,3,1,15
7,38,3,0,15
7,39,3,1,16
7,40,4,0,16
7,41,3,0,16
7,42,3,0,16
7,43,3,1,17
7,44,3,1,18
7,45,3,0,18
7,46,3,1,19
7,47,2,0,19
7,48,3,1,20
7,49,2,0,20
7,50,3,1,21
7,51,0,0,21
7,52,3,1,22
7,53,3,1,23
7,54,3,1,24
7,55,3,1,25
7,56,3,1,26
7,57,3,1,27
7,58,3,1,28
7,59,3,1,29
7,60,3,0,29
7,61,3,1,30
7,62,3,0,30
7,63,3,1,31
7,64,3,1,32
7,65,0,1,33
7,66,3,1,34
7,67,3,0,34
7,68,3,1,35
7,69,3,1,36
7,70,3,1,37
7,71,3,1,38
7,72,3,1,39
7,73,3,0,39
7,74,3,0,39
7,75,3,0,39
7,76,2,0,39
7,77,3,1,40
7,78,3,1,41
7,79,0,1,42
7,80,3,1,43
7,81,3,0,43
7,82,3,1,44
7,83,3,0,44
7,84,3,0,44
7,85,3,1,45
7,86,3,1,46
7,87,3,1,47
7,88,0,1,48
7,89,3,1,49
7,90,1,0,49
7,91,0,0,49
7,92,3,1,50
7,93,3,1,51
7,94,0,0,51
7,95,0,0,51
7,96,3,0,51
7,97,0,0,51
7,98,3,1,52
7,99,3,0,52
7,100,3,1,53
7,101,3,0,53
7,102,3,1,54
7,103,3,1,55
7,104,3,1,56
7,105,3,1,57
7,106,3,0,57
7,107,3,0,57
7,108,3,0,57
7,109,3,1,58
7,110,3,0,58
7,111,3,1,59
7,112,3,1,60
7,113,3,1,61
7,114,3,1,62
7,115,3,1,63
7,116,3,1,64
7,117,3,1,65
7,118,3,1,66
7,119,3,1,67
7,120,3,1,68
7,121,3,0,68
7,122,3,1,69
7,123,3,1,70
7,124,3,0,70
7,125,3,1,71
7,126,3,1,72
7,127,3,1,73
7,128,3,0,73
7,129,3,1,74
7,130,3,0,74
7,131,4,0,74
7,132,3,1,75
7,133,3,1,76
7,134,3,0,76
7,135,3,0,76
7,136,3,1,77
7,137,3,0,77
7,138,3,1,78
7,139,3,0,78
7,140,3,1,79
7,141,3,0,79
7,142,3,1,80
7,143,3,1,81
7,144,3,0,81
7,145,3,1,82
7,146,3,0,82
7,147,3,0,82
7,148,3,1,83
7,149,3,1,84
7,150,3,1,85
7,151,3,0,85
7,152,3,0,85
7,153,3,1,86
7,154,3,0,86
7,155,3,0,86
7,156,3,0,86
7,157,3,1,87
7,158,3,1,88
7,159,3,1,89
7,160,3,1,90
7,161,3,1,91
7,162,3,1,92
7,163,3,1,93
7,164,3,1,94
7,165,3,1,95
7,166,3,1,96
7,167,3,1,97
7,168,3,1,98
7,169,3,1,99
7,170,3,0,99
7,171,3,0,99
7,172,3,1,100
7,173,3,1,101
7,174,3,1,102
7,175,3,0,102
7,176,3,0,102
7,177,3,1,103
7,178,3,1,104
7,179,3,1,105
7,180,3,0,105
7,181,3,1,106
7,182,3,0,106
7,183,3,1,107
7,184,3,0,107
7,185,3,0,107
7,186,3,1,108
7,187,3,0,108
7,188,3,0,108
7,189,3,0,108
7,190,3,0,108
7,191,3,1,109
7,192,3,0,109
7,193,3,1,110
7,194,3,1,111
7,195,3,1,112
7,196,3,0,112
7,197,3,1,113
7,198,3,1,114
7,199,3,1,115
7,200,3,1,116
7,201,3,0,116
7,202,3,1,117
7,203,3,0,117
7,204,3,1,118
7,205,3,1,119
7,206,3,1,120
7,207,3,0,120
7,208,3,1,121
7,209,3,0,121
7,210,3,1,122
7,211,3,0,122
7,212,3,0,122
7,213,3,1,123
7,214,3,0,123
7,215,3,0,123
7,216,3,1,124
7,217,3,1,125
7,218,3,1,126
7,219,3,0,126
7,220,3,0,126
7,221,3,1,127
7,222,3,1,128
7,223,3,1,129
7,224,3,1,130
7,225,3,1,131
7,226,3,1,132
7,227,3,1,133
7,228,3,0,133
7,229,3,0,133
7,230,3,0,133
7,231,3,1,134
7,232,3,1,135
7,233,3,0,135
7,234,3,1,136
7,235,2,0,136
7,236,3,0,136
7,237,3,0,136
7,238,3,1,137
7,239,3,1,138
7,240,3,1,139
7,241,3,0,139
7,242,3,1,140
7,243,3,1,141
7,244,3,0,141
7,245,3,1,142
7,246,3,1,143
7,247,3,0,143
7,248,3,1,144
7,249,3,1,145
7,250,3,1,146
8,1,1,0,0
8,2,0,0,0
8,3,4,0,0
8,4,2,0,0
8,5,0,0,0
8,6,4,0,0
8,7,3,1,1
8,8,3,1,2
8,9,1,1,3
8,10,3,1,4
8,11,3,1,5
8,12,3,0,5
8,13,3,0,5
8,14,1,0,5
8,15,3,1,6
8,16,3,1,7
8,17,2,0,7
8,18,3,0,7
8,19,3,1,8
8,20,3,1,9
8,21,3,0,9
8,22,3,0,9
8,23,3,1,10
8,24,3,0,10
8,25,2,0,10
8,26,3,1,11
8,27,3,0,11
8,28,3,1,12
8,29,3,1,13
8,30,3,1,14
8,31,3,0,14
8,32,3,1,15
8,33,3,1,16
8,34,3,0,16
8,35,0,0,16
8,36,3,1,17
8,37,1,0,17
8,38,3,0,17
8,39,3,1,18
8,40,3,1,19
8,41,4,0,19
8,42,3,1,20
8,43,3,1,21
8,44,3,1,22
8,45,3,1,23
8,46,3,0,23
8,47,3,1,24
8,48,3,1,25
8,49,3,0,25
8,50,3,1,26
8,51,3,0,26
8,52,3,1,27
8,53,3,1,28
8,54,1,1,29
8,55,3,0,29
8,56,1,0,29
8,57,3,0,29
8,58,3,0,29
8,59,3,0,29
8,60,3,1,30
8,61,3,0,30
8,62,3,0,30
8,63,3,1,31
8,64,3,1,32
8,65,3,0,32
8,66,3,1,33
8,67,1,0,33
8,68,3,0,33
8,69,3,1,34
8,70,3,0,34
8,71,3,0,34
8,72,3,1,35
8,73,3,1,36
8,74,3,1,37
8,75,3,1,38
8,76,3,1,39
8,77,3,1,40
8,78,3,0,40
8,79,3,1,41
8,80,1,0,41
8,81,3,0,41
8,82,3,0,41
8,83,3,0,41
8,84,3,0,41
8,85,3,1,42
8,86,3,1,43
8,87,3,0,43
8,88,3,1,44
8,89,3,0,44
8,90,3,1,45
8,91,3,0,45
8,92,3,0,45
8,93,3,1,46
8,94,3,1,47
8,95,3,1,48
8,96,3,0,48
8,97,3,1,49
8,98,3,1,50
8,99,3,1,51
8,100,0,0,51
8,101,3,0,51
8,102,3,1,52
8,103,3,1,53
8,104,3,1,54
8,105,3,1,55
8,106,3,1,56
8,107,3,0,56
8,108,3,1,57
8,109,3,0,57
8,110,3,1,58
8,111,3,1,59
8,112,3,0,59
8,113,3,1,60
8,114,3,1,61
8,115,3,0,61
8,116,3,0,61
8,117,3,1,62
8,118,3,1,63
8,119,3,0,63
8,120,3,1,64
8,121,3,1,65
8,122,3,1,66
8,123,3,0,66
8,124,3,0,66
8,125,3,1,67
8,126,3,0,67
8,127,3,0,67
8,128,2,0,67
8,129,3,1,68
8,130,3,1,69
8,131,3,1,70
8,132,1,0,70
8,133,3,0,70
8,134,3,1,71
8,135,3,1,72
8,136,4,0,72
8,137,3,0,72
8,138,3,1,73
8,139,3,0,73
8,140,3,0,73
8,141,4,0,73
8,142,1,0,73
8,143,3,0,73
8,144,3,1,74
8,145,3,0,74
8,146,3,0,74
8,147,3,1,75
8,148,3,0,75
8,149,3,1,76
8,150,3,1,77
8,151,3,0,77
8,152,3,1,78
8,153,3,0,78
8,154,3,0,78
8,155,3,1,79
8,156,3,1,80
8,157,3,1,81
8,158,3,0,81
8,159,3,0,81
8,160,3,1,82
8,161,3,1,83
8,162,3,1,84
8,163,3,1,85
8,164,3,0,85
8,165,3,0,85
8,166,3,1,86
8,167,3,1,87
8,168,3,0,87
8,169,3,0,87
8,170,3,0,87
8,171,3,1,88
8,172,3,0,88
8,173,3,0,88
8,174,3,0,88
8,175,1,0,88
8,176,3,0,88
8,177,3,0,88
8,178,3,1,89
8,179,3,0,89
8,180,3,0,89
8,181,3,0,89
8,182,3,0,89
8,183,3,1,90
8,184,3,0,90
8,185,3,1,91
8,186,3,1,92
8,187,3,0,92
8,188,3,1,93
8,189,3,0,93
8,190,3,0,93
8,191,3,0,93
8,192,3,1,94
8,193,3,1,95
8,194,3,1,96
8,195,0,0,96
8,196,3,1,97
8,197,3,1,98
8,198,3,1,99
8,199,3,1,100
8,200,3,1,101
8,201,4,1,102
8,202,3,0,102
8,203,3,0,102
8,204,3,0,102
8,205,3,1,103
8,206,3,0,103
8,207,3,1,104
8,208,3,0,104
8,209,4,0,104
8,210,3,1,105
8,211,3,1,106
8,212,3,1,107
8,213,3,0,107
8,214,3,1,108
8,215,3,0,108
8,216,3,1,109
8,217,3,1,110
8,218,3,0,110
8,219,3,0,110
8,220,3,1,111
8,221,3,0,111
8,222,3,1,112
8,223,3,1,113
8,224,3,0,113
8,225,3,1,114
8,226,3,0,114
8,227,3,1,115
8,228,3,1,116
8,229,3,0,116
8,230,3,1,117
8,231,3,1,118
8,232,3,0,118
8,233,3,1,119
8,234,3,0,119
8,235,3,0,119
8,236,2,0,119
8,237,3,1,120
8,238,3,1,121
8,239,3,0,121
8,240,3,1,122
8,241,3,1,123
8,242,3,0,123
8,243,3,1,124
8,244,3,1,125
8,245,3,1,126
8,246,3,1,127
8,247,3,1,128
8,248,3,0,128
8,249,3,1,129
8,250,3,0,129
9,1,3,0,0
9,2,2,0,0
9,3,1,0,0
9,4,0,1,1
9,5,0,0,1
9,6,0,0,1
9,7,4,0,1
9,8,0,0,1
9,9,0,0,1
9,10,4,0,1
9,11,2,0,1
9,12,3,0,1
9,13,0,0,1
9,14,1,1,2
9,15,1,0,2
9,16,1,1,3
9,17,0,1,4
9,18,3,1,5
9,19,1,0,5
9,20,1,0,5
9,21,3,1,6
9,22,1,0,6
9,23,3,0,6
9,24,0,0,6
9,25,0,1,7
9,26,3,1,8
9,27,0,0,8
9,28,3,1,9
9,29,3,1,10
9,30,3,1,11
9,31,3,0,11
9,32,3,1,12
9,33,3,0,12
9,34,4,0,12
9,35,3,0,12
9,36,3,1,13
9,37,1,0,13
9,38,3,1,14
9,39,3,1,15
9,40,3,1,16
9,41,0,0,16
9,42,2,0,16
9,43,2,1,17
9,44,3,1,18
9,45,2,0,18
9,46,0,0,18
9,47,3,0,18
9,48,3,1,19
9,49,3,1,20
9,50,3,1,21
9,51,3,0,21
9,52,3,0,21
9,53,3,0,21
9,54,3,0,21
9,55,3,1,22
9,56,3,1,23
9,57,4,0,23
9,58,1,1,24
9,59,3,1,25
9,60,1,0,25
9,61,3,0,25
9,62,3,1,26
9,63,3,0,26
9,64,3,1,27
9,65,3,1,28
9,66,3,1,29
9,67,3,1,30
9,68,3,0,30
9,69,3,0,30
9,70,3,0,30
9,71,3,1,31
9,72,3,1,32
9,73,4,0,32
9,74,3,1,33
9,75,3,1,34
9,76,3,0,34
9,77,3,1,35
9,78,3,0,35
9,79,3,1,36
9,80,3,0,36
9,81,1,0,36
9,82,3,1,37
9,83,3,1,38
9,84,3,1,39
9,85,3,0,39
9,86,3,1,40
9,87,3,1,41
9,88,3,1,42
9,89,3,0,42
9,90,3,1,43
9,91,3,1,44
9,92,3,1,45
9,93,3,1,46
9,94,3,1,47
9,95,3,1,48
9,96,3,1,49
9,97,3,1,50
9,98,3,0,50
9,99,3,0,50
9,100,3,1,51
9,101,3,1,52
9,102,3,1,53
9,103,3,1,54
9,104,3,1,55
9,105,2,0,55
9,106,3,1,56
9,107,3,1,57
9,108,3,1,58
9,109,2,0,58
9,110,3,1,59
9,111,3,1,60
9,112,3,0,60
9,113,3,0,60
9,114,3,1,61
9,115,3,1,62
9,116,3,1,63
9,117,3,0,63
9,118,3,0,63
9,119,3,1,64
9,120,3,0,64
9,121,3,0,64
9,122,3,1,65
9,123,3,1,66
9,124,3,1,67
9,125,3,1,68
9,126,3,0,68
9,127,3,1,69
9,128,3,1,70
9,129,3,1,71
9,130,3,0,71
9,131,3,1,72
9,132,3,1,73
9,133,3,0,73
9,134,3,1,74
9,135,3,1,75
9,136,3,0,75
9,137,3,1,76
9,138,3,0,76
9,139,3,1,77
9,140,3,0,77
9,141,3,0,77
9,142,3,1,78
9,143,3,0,78
9,144,3,1,79
9,145,3,1,80
9,146,3,0,80
9,147,3,0,80
9,148,3,0,80
9,149,3,1,81
9,150,3,0,81
9,151,3,1,82
9,152,3,1,83
9,153,3,0,83
9,154,3,1,84
9,155,3,1,85
9,156,3,0,85
9,157,3,0,85
9,158,3,1,86
9,159,3,0,86
9,160,4,0,86
9,161,3,0,86
9,162,3,0,86
9,163,3,1,87
9,164,3,0,87
9,165,3,1,88
9,166,3,1,89
9,167,3,1,90
9,168,3,1,91
9,169,3,1,92
9,170,3,1,93
9,171,3,0,93
9,172,3,0,93
9,173,3,1,94
9,174,3,0,94
9,175,3,1,95
9,176,3,1,96
9,177,3,1,97
9,178,3,1,98
9,179,3,1,99
9,180,3,0,99
9,181,3,0,99
9,182,3,1,100
9,183,3,0,100
9,184,3,0,100
9,185,3,0,100
9,186,3,0,100
9,187,3,1,101
9,188,3,1,102
9,189,3,1,103
9,190,3,1,104
9,191,3,1,105
9,192,3,1,106
9,193,3,0,106
9,194,3,0,106
9,195,3,1,107
9,196,3,1,108
9,197,3,1,109
9,198,3,0,109
9,199,3,1,110
9,200,3,1,111
9,201,3,0,111
9,202,3,0,111
9,203,3,1,112
9,204,3,1,113
9,205,3,1,114
9,206,3,1,115
9,207,3,1,116
9,208,3,0,116
9,209,3,1,117
9,210,3,0,117
9,211,3,1,118
9,212,3,1,119
9,213,3,1,120
9,214,3,1,121
9,215,3,0,121
9,216,3,1,122
9,217,3,0,122
9,218,3,0,122
9,219,4,0,122
9,220,3,1,123
9,221,3,1,124
9,222,3,1,125
9,223,3,1,126
9,224,3,0,126
9,225,3,1,127
9,226,3,0,127
9,227,3,1,128
9,228,3,1,129
9,229,3,1,130
9,230,3,0,130
9,231,3,0,130
9,232,3,1,131
9,233,3,1,132
9,234,3,0,132
9,235,3,1,133
9,236,3,0,133
9,237,3,0,133
9,238,3,0,133
9,239,3,1,134
9,240,3,1,135
9,241,3,0,135
9,242,3,1,136
9,243,3,1,137
9,244,3,1,138
9,245,3,1,139
9,246,3,1,140
9,247,3,0,140
9,248,3,1,141
9,249,3,0,141
9,250,3,1,142
10,1,2,0,0
10,2,1,0,0
10,3,1,0,0
10,4,4,0,0
10,5,3,0,0
10,6,0,0,0
10,7,1,0,0
10,8,2,0,0
10,9,4,0,0
10,10,3,1,1
10,11,3,1,2
10,12,3,1,3
10,13,0,0,3
10,14,3,1,4
10,15,3,1,5
10,16,3,1,6
10,17,3,1,7
10,18,3,0,7
10,19,3,1,8
10,20,3,0,8
10,21,3,1,9
10,22,3,1,10
10,23,3,0,10
10,24,3,1,11
10,25,3,0,11
10,26,3,1,12
10,27,3,1,13
10,28,3,1,14
10,29,3,0,14
10,30,2,0,14
10,31,3,1,15
10,32,3,0,15
10,33,3,1,16
10,34,3,0,16
10,35,3,0,16
10,36,3,1,17
10,37,3,1,18
10,38,3,1,19
10,39,3,1,20
10,40,3,0,20
10,41,3,1,21
10,42,3,0,21
10,43,3,0,21
10,44,3,0,21
10,45,3,1,22
10,46,3,0,22
10,47,3,1,23
10,48,1,0,23
10,49,3,0,23
10,50,3,0,23
10,51,3,1,24
10,52,3,1,25
10,53,4,0,25
10,54,3,1,26
10,55,3,1,27
10,56,3,0,27
10,57,0,0,27
10,58,3,1,28
10,59,3,0,28
10,60,3,1,29
10,61,3,0,29
10,62,3,0,29
10,63,3,1,30
10,64,3,0,30
10,65,3,0,30
10,66,3,1,31
10,67,3,0,31
10,68,3,1,32
10,69,3,1,33
10,70,3,1,34
10,71,3,0,34
10,72,3,1,35
10,73,3,1,36
10,74,3,0,36
10,75,3,1,37
10,76,3,1,38
10,77,3,1,39
10,78,3,1,40
10,79,3,1,41
10,80,3,0,41
10,81,3,1,42
10,82,3,1,43
10,83,3,1,44
10,84,3,1,45
10,85,3,1,46
10,86,3,0,46
10,87,3,0,46
10,88,3,1,47
10,89,3,1,48
10,90,3,0,48
10,91,3,1,49
10,92,3,1,50
10,93,3,0,50
10,94,3,1,51
10,95,3,0,51
10,96,3,1,52
10,97,3,0,52
10,98,3,0,52
10,99,3,1,53
10,100,3,0,53
10,101,3,1,54
10,102,3,1,55
10,103,3,1,56
10,104,2,0,56
10,105,3,0,56
10,106,3,1,57
10,107,3,0,57
10,108,3,0,57
10,109,3,0,57
10,110,3,1,58
10,111,0,0,58
10,112,3,1,59
10,113,2,0,59
10,114,4,0,59
10,115,3,0,59
10,116,3,1,60
10,117,3,0,60
10,118,3,1,61
10,119,3,1,62
10,120,3,0,62
10,121,3,0,62
10,122,3,1,63
10,123,3,1,64
10,124,3,0,64
10,125,3,0,64
10,126,3,1,65
10,127,3,0,65
10,128,3,0,65
10,129,3,1,66
10,130,3,0,66
10,131,3,0,66
10,132,3,1,67
10,133,3,1,68
10,134,3,0,68
10,135,3,0,68
10,136,3,0,68
10,137,3,1,69
10,138,3,1,70
10,139,3,1,71
10,140,3,1,72
10,141,3,1,73
10,142,3,1,74
10,143,3,0,74
10,144,3,1,75
10,145,3,1,76
10,146,3,0,76
10,147,3,0,76
10,148,3,1,77
10,149,3,1,78
10,150,3,1,79
10,151,3,1,80
10,152,3,0,80
10,153,3,0,80
10,154,1,0,80
10,155,3,0,80
10,156,3,1,81
10,157,3,0,81
10,158,3,0,81
10,159,3,0,81
10,160,2,0,81
10,161,3,0,81
10,162,3,1,82
10,163,3,0,82
10,164,3,1,83
10,165,3,1,84
10,166,3,1,85
10,167,1,1,86
10,168,3,1,87
10,169,3,1,88
10,170,3,0,88
10,171,3,0,88
10,172,3,0,88
10,173,3,1,89
10,174,3,0,89
10,175,3,1,90
10,176,3,0,90
10,177,3,1,91
10,178,4,0,91
10,179,3,0,91
10,180,3,0,91
10,181,3,0,91
10,182,3,0,91
10,183,3,0,91
10,184,3,1,92
10,185,3,0,92
10,186,0,0,92
10,187,4,0,92
10,188,3,0,92
10,189,3,0,92
10,190,3,1,93
10,191,3,1,94
10,192,3,1,95
10,193,3,0,95
10,194,3,0,95
10,195,3,0,95
10,196,3,0,95
10,197,3,1,96
10,198,3,0,96
10,199,3,1,97
10,200,3,0,97
10,201,3,0,97
10,202,3,1,98
10,203,3,1,99
10,204,3,1,100
10,205,3,1,101
10,206,3,0,101
10,207,3,1,102
10,208,1,1,103
10,209,3,1,104
10,210,3,0,104
10,211,3,1,105
10,212,3,0,105
10,213,3,1,106
10,214,3,1,107
10,215,3,0,107
10,216,3,1,108
10,217,3,1,109
10,218,3,0,109
10,219,3,0,109
10,220,3,1,110
10,221,3,1,111
10,222,3,1,112
10,223,3,1,113
10,224,1,0,113
10,225,3,1,114
10,226,1,0,114
10,227,3,1,115
10,228,3,1,116
10,229,3,1,117
10,230,3,0,117
10,231,3,0,117
10,232,3,0,117
10,233,3,1,118
10,234,3,0,118
10,235,4,0,118
10,236,3,1,119
10,237,3,1,120
10,238,3,0,120
10,239,3,1,121
10,240,3,1,122
10,241,3,1,123
10,242,3,0,123
10,243,3,1,124
10,244,3,0,124
10,245,3,0,124
10,246,3,0,124
10,247,3,0,124
10,248,3,1,125
10,249,3,1,126
10,250,3,0,126
11,1,3,0,0
11,2,1,0,0
11,3,1,0,0
11,4,0,0,0
11,5,1,0,0
11,6,4,1,1
11,7,3,1,2
11,8,4,1,3
11,9,4,0,3
11,10,4,0,3
11,11,2,0,3
11,12,3,1,4
11,13,3,0,4
11,14,0,0,4
11,15,4,0,4
11,16,3,0,4
11,17,4,0,4
11,18,0,0,4
11,19,3,1,5
11,20,3,1,6
11,21,3,0,6
11,22,1,1,7
11,23,3,0,7
11,24,1,0,7
11,25,3,1,8
11,26,3,0,8
11,27,4,0,8
11,28,2,0,8
11,29,4,0,8
11,30,2,0,8
11,31,3,1,9
11,32,3,0,9
11,33,3,1,10
11,34,3,1,11
11,35,3,1,12
11,36,3,1,13
11,37,3,0,13
11,38,3,1,14
11,39,4,0,14
11,40,3,0,14
11,41,2,0,14
11,42,3,1,15
11,43,0,0,15
11,44,2,0,15
11,45,3,0,15
11,46,3,1,16
11,47,3,1,17
11,48,3,0,17
11,49,2,0,17
11,50,1,0,17
11,51,3,1,18
11,52,4,0,18
11,53,3,1,19
11,54,3,0,19
11,55,3,1,20
11,56,3,1,21
11,57,3,1,22
11,58,3,0,22
11,59,0,0,22
11,60,3,0,22
11,61,1,0,22
11,62,3,0,22
11,63,3,1,23
11,64,3,0,23
11,65,3,1,24
11,66,3,1,25
11,67,3,0,25
11,68,3,0,25
11,69,3,1,26
11,70,3,1,27
11,71,3,0,27
11,72,3,1,28
11,73,3,1,29
11,74,3,0,29
11,75,3,0,29
11,76,3,1,30
11,77,4,0,30
11,78,3,0,30
11,79,3,0,30
11,80,3,1,31
11,81,3,0,31
11,82,3,1,32
11,83,3,0,32
11,84,3,1,33
11,85,3,0,33
11,86,3,0,33
11,87,1,0,33
11,88,3,0,33
11,89,3,1,34
11,90,3,0,34
11,91,3,1,35
11,92,3,1,36
11,93,0,0,36
11,94,3,0,36
11,95,3,1,37
11,96,3,1,38
11,97,3,0,38
11,98,3,0,38
11,99,3,1,39
11,100,3,0,39
11,101,3,0,39
11,102,4,0,39
11,103,3,1,40
11,104,3,1,41
11,105,4,0,41
11,106,3,0,41
11,107,3,1,42
11,108,3,0,42
11,109,3,0,42
11,110,3,0,42
11,111,3,1,43
11,112,3,0,43
11,113,3,0,43
11,114,3,1,44
11,115,3,1,45
11,116,3,1,46
11,117,3,1,47
11,118,3,1,48
11,119,3,1,49
11,120,3,1,50
11,121,3,1,51
11,122,3,1,52
11,123,3,0,52
11,124,3,0,52
11,125,3,1,53
11,126,3,0,53
11,127,3,0,53
11,128,3,1,54
11,129,3,0,54
11,130,3,0,54
11,131,3,1,55
11,132,3,1,56
11,133,3,0,56
11,134,3,1,57
11,135,3,0,57
11,136,3,0,57
11,137,3,1,58
11,138,3,1,59
11,139,3,0,59
11,140,3,0,59
11,141,1,0,59
11,142,3,0,59
11,143,3,0,59
11,144,3,0,59
11,145,3,0,59
11,146,3,1,60
11,147,3,1,61
11,148,3,1,62
11,149,3,1,63
11,150,3,1,64
11,151,3,1,65
11,152,3,0,65
11,153,3,0,65
11,154,3,1,66
11,155,3,1,67
11,156,4,1,68
11,157,3,0,68
11,158,3,1,69
11,159,3,0,69
11,160,3,0,69
11,161,3,1,70
11,162,3,1,71
11,163,3,1,72
11,164,3,1,73
11,165,3,1,74
11,166,0,1,75
11,167,3,0,75
11,168,3,0,75
11,169,3,1,76
11,170,3,0,76
11,171,3,0,76
11,172,3,0,76
11,173,3,1,77
11,174,3,1,78
11,175,3,1,79
11,176,3,0,79
11,177,3,1,80
11,178,3,1,81
11,179,3,1,82
11,180,3,1,83
11,181,3,1,84
11,182,3,0,84
11,183,3,1,85
11,184,3,1,86
11,185,3,1,87
11,186,3,1,88
11,187,3,1,89
11,188,3,1,90
11,189,3,0,90
11,190,3,1,91
11,191,3,0,91
11,192,3,0,91
11,193,3,1,92
11,194,0,0,92
11,195,3,1,93
11,196,3,0,93
11,197,3,1,94
11,198,3,1,95
11,199,3,1,96
11,200,3,0,96
11,201,3,0,96
11,202,3,1,97
11,203,3,1,98
11,204,3,0,98
11,205,2,0,98
11,206,3,0,98
11,207,3,0,98
11,208,3,1,99
11,209,3,1,100
11,210,1,1,101
11,211,4,0,101
11,212,3,0,101
11,213,3,0,101
11,214,3,1,102
11,215,3,1,103
11,216,3,1,104
11,217,3,1,105
11,218,3,1,106
11,219,3,0,106
11,220,3,1,107
11,221,3,0,107
11,222,3,1,108
11,223,3,0,108
11,224,3,1,109
11,225,3,1,110
11,226,3,0,110
11,227,3,1,111
11,228,3,1,112
11,229,3,0,112
11,230,3,0,112
11,231,3,1,113
11,232,3,1,114
11,233,3,1,115
11,234,3,0,115
11,235,3,1,116
11,236,3,1,117
11,237,3,1,118
11,238,3,0,118
11,239,3,1,119
11,240,3,0,119
11,241,3,0,119
11,242,4,0,119
11,243,3,0,119
11,244,3,1,120
11,245,3,1,121
11,246,3,0,121
11,247,3,1,122
11,248,3,1,123
11,249,3,1,124
11,250,3,1,125
12,1,0,0,0
12,2,1,0,0
12,3,3,0,0
12,4,3,1,1
12,5,3,0,1
12,6,2,0,1
12,7,0,0,1
12,8,2,0,1
12,9,3,1,2
12,10,3,0,2
12,11,3,1,3
12,12,2,0,3
12,13,1,0,3
12,14,3,1,4
12,15,1,0,4
12,16,3,0,4
12,17,4,0,4
12,18,0,0,4
12,19,3,1,5
12,20,3,1,6
12,21,3,0,6
12,22,3,1,7
12,23,3,1,8
12,24,4,0,8
12,25,3,0,8
12,26,3,0,8
12,27,3,1,9
12,28,4,0,9
12,29,3,1,10
12,30,3,1,11
12,31,3,0,11
12,32,3,0,11
12,33,3,1,12
12,34,3,1,13
12,35,3,1,14
12,36,3,1,15
12,37,3,1,16
12,38,3,1,17
12,39,3,0,17
12,40,3,0,17
12,41,3,0,17
12,42,3,0,17
12,43,3,1,18
12,44,3,1,19
12,45,3,1,20
12,46,3,1,21
12,47,3,1,22
12,48,3,0,22
12,49,3,1,23
12,50,3,1,24
12,51,1,0,24
12,52,3,0,24
12,53,3,1,25
12,54,3,0,25
12,55,3,0,25
12,56,3,1,26
12,57,3,1,27
12,58,3,0,27
12,59,2,0,27
12,60,3,0,27
12,61,3,0,27
12,62,1,0,27
12,63,3,1,28
12,64,3,0,28
12,65,3,1,29
12,66,3,0,29
12,67,3,0,29
12,68,3,0,29
12,69,3,1,30
12,70,3,0,30
12,71,3,1,31
12,72,3,0,31
12,73,4,0,31
12,74,3,1,32
12,75,3,0,32
12,76,3,1,33
12,77,3,1,34
12,78,3,1,35
12,79,3,0,35
12,80,3,1,36
12,81,3,0,36
12,82,3,0,36
12,83,3,1,37
12,84,3,1,38
12,85,3,1,39
12,86,3,1,40
12,87,3,0,40
12,88,3,1,41
12,89,3,1,42
12,90,3,0,42
12,91,3,0,42
12,92,3,1,43
12,93,3,0,43
12,94,3,0,43
12,95,3,1,44
12,96,3,1,45
12,97,3,0,45
12,98,3,1,46
12,99,3,1,47
12,100,3,0,47
12,101,3,0,47
12,102,3,1,48
12,103,3,0,48
12,104,3,1,49
12,105,3,0,49
12,106,3,1,50
12,107,3,1,51
12,108,3,0,51
12,109,3,1,52
12,110,0,0,52
12,111,3,1,53
12,112,3,0,53
12,113,3,1,54
12,114,4,0,54
12,115,3,1,55
12,116,3,1,56
12,117,3,1,57
12,118,3,1,58
12,119,3,1,59
12,120,3,0,59
12,121,3,0,59
12,122,3,0,59
12,123,2,0,59
12,124,3,1,60
12,125,3,0,60
12,126,3,1,61
12,127,3,0,61
12,128,3,1,62
12,129,3,1,63
12,130,3,0,63
12,131,3,0,63
12,132,3,0,63
12,133,3,1,64
12,134,3,1,65
12,135,3,1,66
12,136,3,1,67
12,137,3,0,67
12,138,3,1,68
12,139,3,0,68
12,140,3,1,69
12,141,3,0,69
12,142,3,0,69
12,143,3,0,69
12,144,3,0,69
12,145,3,1,70
12,146,3,1,71
12,147,3,1,72
12,148,3,1,73
12,149,3,0,73
12,150,3,1,74
12,151,3,1,75
12,152,3,1,76
12,153,3,1,77
12,154,3,1,78
12,155,3,0,78
12,156,3,1,79
12,157,3,0,79
12,158,3,1,80
12,159,3,1,81
12,160,3,1,82
12,161,3,1,83
12,162,3,0,83
12,163,3,0,83
12,164,3,0,83
12,165,3,1,84
12,166,3,0,84
12,167,3,1,85
12,168,3,0,85
12,169,3,1,86
12,170,3,1,87
12,171,3,1,88
12,172,3,0,88
12,173,3,1,89
12,174,3,1,90
12,175,3,1,91
12,176,3,0,91
12,177,3,1,92
12,178,3,0,92
12,179,3,1,93
12,180,3,1,94
12,181,3,0,94
12,182,3,1,95
12,183,3,1,96
12,184,3,1,97
12,185,3,1,98
12,186,3,1,99
12,187,3,0,99
12,188,3,1,100
12,189,3,1,101
12,190,3,1,102
12,191,3,0,102
12,192,3,1,103
12,193,3,1,104
12,194,3,1,105
12,195,3,0,105
12,196,3,1,106
12,197,3,0,106
12,198,3,1,107
12,199,3,0,107
12,200,3,1,108
12,201,3,1,109
12,202,3,0,109
12,203,3,0,109
12,204,3,0,109
12,205,3,0,109
12,206,3,1,110
12,207,3,1,111
12,208,3,1,112
12,209,3,0,112
12,210,3,0,112
12,211,3,1,113
12,212,3,0,113
12,213,3,1,114
12,214,3,0,114
12,215,3,0,114
12,216,3,0,114
12,217,3,1,115
12,218,3,1,116
12,219,3,1,117
12,220,3,1,118
12,221,3,0,118
12,222,3,1,119
12,223,3,1,120
12,224,3,1,121
12,225,3,1,122
12,226,3,1,123
12,227,3,0,123
12,228,3,0,123
12,229,3,0,123
12,230,3,1,124
12,231,3,1,125
12,232,3,1,126
12,233,3,1,127
12,234,3,1,128
12,235,3,0,128
12,236,3,0,128
12,237,3,0,128
12,238,3,0,128
12,239,3,1,129
12,240,3,0,129
12,241,3,1,130
12,242,3,1,131
12,243,3,1,132
12,244,3,1,133
12,245,3,1,134
12,246,3,1,135
12,247,3,1,136
12,248,3,1,137
12,249,4,0,137
12,250,3,0,137
13,1,1,0,0
13,2,0,0,0
13,3,0,0,0
13,4,2,1,1
13,5,2,0,1
13,6,2,0,1
13,7,4,0,1
13,8,2,0,1
13,9,3,0,1
13,10,3,1,2
13,11,3,0,2
13,12,1,0,2
13,13,3,1,3
13,14,0,0,3
13,15,3,0,3
13,16,3,1,4
13,17,3,1,5
13,18,3,0,5
13,19,4,0,5
13,20,0,0,5
13,21,3,0,5
13,22,3,1,6
13,23,4,0,6
13,24,3,1,7
13,25,1,0,7
13,26,2,1,8
13,27,3,0,8
13,28,3,1,9
13,29,2,1,10
13,30,2,0,10
13,31,3,1,11
13,32,2,0,11
13,33,3,1,12
13,34,2,0,12
13,35,3,0,12
13,36,3,1,13
13,37,3,1,14
13,38,3,1,15
13,39,3,1,16
13,40,3,0,16
13,41,3,1,17
13,42,3,0,17
13,43,3,1,18
13,44,3,0,18
13,45,3,0,18
13,46,3,0,18
13,47,3,1,19
13,48,3,0,19
13,49,3,1,20
13,50,3,1,21
13,51,3,1,22
13,52,2,0,22
13,53,3,1,23
13,54,3,0,23
13,55,3,1,24
13,56,3,1,25
13,57,3,0,25
13,58,3,0,25
13,59,3,1,26
13,60,3,0,26
13,61,3,0,26
13,62,3,0,26
13,63,3,0,26
13,64,3,0,26
13,65,3,1,27
13,66,3,1,28
13,67,3,1,29
13,68,3,1,30
13,69,3,1,31
13,70,3,1,32
13,71,3,1,33
13,72,3,1,34
13,73,3,0,34
13,74,3,1,35
13,75,3,0,35
13,76,3,0,35
13,77,3,1,36
13,78,3,1,37
13,79,3,1,38
13,80,3,1,39
13,81,3,1,40
13,82,3,0,40
13,83,3,1,41
13,84,3,1,42
13,85,3,1,43
13,86,0,0,43
13,87,3,1,44
13,88,3,0,44
13,89,3,1,45
13,90,3,0,45
13,91,1,0,45
13,92,3,1,46
13,93,3,0,46
13,94,3,0,46
13,95,3,1,47
13,96,3,1,48
13,97,4,0,48
13,98,3,0,48
13,99,3,1,49
13,100,3,1,50
13,101,3,0,50
13,102,3,1,51
13,103,3,1,52
13,104,3,1,53
13,105,3,1,54
13,106,3,0,54
13,107,3,1,55
13,108,3,1,56
13,109,3,1,57
13,110,3,1,58
13,111,3,1,59
13,112,3,1,60
13,113,3,1,61
13,114,3,0,61
13,115,3,0,61
13,116,3,1,62
13,117,3,1,63
13,118,0,1,64
13,119,3,0,64
13,120,4,0,64
13,121,2,0,64
13,122,3,0,64
13,123,3,1,65
13,124,3,0,65
13,125,3,0,65
13,126,3,1,66
13,127,3,1,67
13,128,3,0,67
13,129,3,1,68
13,130,3,1,69
13,131,3,1,70
13,132,3,0,70
13,133,3,0,70
13,134,3,1,71
13,135,3,1,72
13,136,3,0,72
13,137,3,0,72
13,138,3,0,72
13,139,3,0,72
13,140,3,0,72
13,141,3,1,73
13,142,4,0,73
13,143,3,1,74
13,144,3,1,75
13,145,3,0,75
13,146,3,0,75
13,147,3,1,76
13,148,3,0,76
13,149,3,0,76
13,150,3,1,77
13,151,3,0,77
13,152,3,1,78
13,153,3,0,78
13,154,3,0,78
13,155,3,0,78
13,156,3,0,78
13,157,3,0,78
13,158,3,1,79
13,159,3,1,80
13,160,3,0,80
13,161,3,1,81
13,162,3,1,82
13,163,3,1,83
13,164,3,0,83
13,165,3,1,84
13,166,3,1,85
13,167,0,0,85
13,168,1,0,85
13,169,3,0,85
13,170,3,0,85
13,171,4,0,85
13,172,3,1,86
13,173,3,1,87
13,174,1,0,87
13,175,3,0,87
13,176,3,1,88
13,177,3,1,89
13,178,3,1,90
13,179,3,1,91
13,180,3,0,91
13,181,3,0,91
13,182,3,1,92
13,183,3,0,92
13,184,3,1,93
13,185,2,1,94
13,186,2,0,94
13,187,3,1,95
13,188,3,0,95
13,189,3,1,96
13,190,3,1,97
13,191,3,1,98
13,192,3,1,99
13,193,3,1,100
13,194,3,0,100
13,195,3,1,101
13,196,3,1,102
13,197,3,1,103
13,198,3,1,104
13,199,3,0,104
13,200,3,1,105
13,201,3,1,106
13,202,3,1,107
13,203,2,0,107
13,204,3,1,108
13,205,3,0,108
13,206,3,1,109
13,207,3,0,109
13,208,3,0,109
13,209,3,1,110
13,210,3,1,111
13,211,3,1,112
13,212,3,0,112
13,213,3,1,113
13,214,3,1,114
13,215,3,0,114
13,216,3,1,115
13,217,3,0,115
13,218,3,1,116
13,219,3,1,117
13,220,3,0,117
13,221,2,0,117
13,222,3,1,118
13,223,3,1,119
13,224,3,0,119
13,225,3,0,119
13,226,3,0,119
13,227,3,1,120
13,228,3,1,121
13,229,3,0,121
13,230,3,0,121
13,231,3,0,121
13,232,3,1,122
13,233,3,0,122
13,234,3,1,123
13,235,3,1,124
13,236,3,1,125
13,237,3,0,125
13,238,3,1,126
13,239,3,1,127
13,240,3,1,128
13,241,3,0,128
13,242,3,0,128
13,243,3,0,128
13,244,3,0,128
13,245,3,1,129
13,246,3,1,130
13,247,3,0,130
13,248,3,1,131
13,249,3,1,132
13,250,3,1,133
14,1,2,0,0
14,2,2,0,0
14,3,4,0,0
14,4,1,0,0
14,5,3,1,1
14,6,0,0,1
14,7,3,1,2
14,8,4,0,2
14,9,0,0,2
14,10,3,0,2
14,11,3,1,3
14,12,3,1,4
14,13,3,1,5
14,14,3,0,5
14,15,3,0,5
14,16,3,0,5
14,17,3,1,6
14,18,3,0,6
14,19,3,0,6
14,20,1,1,7
14,21,1,0,7
14,22,3,0,7
14,23,3,1,8
14,24,1,0,8
14,25,0,1,9
14,26,4,0,9
14,27,2,1,10
14,28,3,1,11
14,29,3,0,11
14,30,3,1,12
14,31,2,0,12
14,32,3,0,12
14,33,2,0,12
14,34,1,1,13
14,35,3,0,13
14,36,1,0,13
14,37,2,0,13
14,38,0,0,13
14,39,1,0,13
14,40,0,0,13
14,41,3,0,13
14,42,3,1,14
14,43,1,0,14
14,44,3,1,15
14,45,3,1,16
14,46,3,0,16
14,47,3,0,16
14,48,3,0,16
14,49,3,1,17
14,50,3,1,18
14,51,3,0,18
14,52,2,1,19
14,53,2,0,19
14,54,3,1,20
14,55,1,0,20
14,56,1,0,20
14,57,3,1,21
14,58,3,1,22
14,59,3,0,22
14,60,3,0,22
14,61,3,0,22
14,62,3,1,23
14,63,3,1,24
14,64,3,1,25
14,65,3,1,26
14,66,3,0,26
14,67,3,0,26
14,68,1,0,26
14,69,3,0,26
14,70,3,0,26
14,71,0,0,26
14,72,3,1,27
14,73,3,0,27
14,74,3,0,27
14,75,3,0,27
14,76,4,0,27
14,77,3,0,27
14,78,0,0,27
14,79,3,1,28
14,80,2,0,28
14,81,3,1,29
14,82,3,0,29
14,83,3,0,29
14,84,3,0,29
14,85,3,1,30
14,86,4,0,30
14,87,3,1,31
14,88,3,1,32
14,89,3,1,33
14,90,3,1,34
14,91,2,0,34
14,92,3,1,35
14,93,3,0,35
14,94,3,1,36
14,95,3,1,37
14,96,3,0,37
14,97,3,0,37
14,98,3,0,37
14,99,3,0,37
14,100,2,0,37
14,101,3,1,38
14,102,3,1,39
14,103,3,0,39
14,104,3,0,39
14,105,0,0,39
14,106,3,0,39
14,107,2,1,40
14,108,3,1,41
14,109,3,0,41
14,110,3,1,42
14,111,3,0,42
14,112,3,1,43
14,113,3,1,44
14,114,4,0,44
14,115,3,1,45
14,116,3,1,46
14,117,3,0,46
14,118,3,1,47
14,119,3,0,47
14,120,3,0,47
14,121,3,1,48
14,122,3,1,49
14,123,3,1,50
14,124,3,1,51
14,125,3,0,51
14,126,3,1,52
14,127,2,0,52
14,128,3,0,52
14,129,2,0,52
14,130,3,1,53
14,131,3,1,54
14,132,2,0,54
14,133,3,0,54
14,134,3,1,55
14,135,3,0,55
14,136,3,1,56
14,137,3,0,56
14,138,3,0,56
14,139,3,1,57
14,140,3,1,58
14,141,3,1,59
14,142,3,1,60
14,143,3,0,60
14,144,3,0,60
14,145,3,1,61
14,146,3,1,62
14,147,3,1,63
14,148,3,0,63
14,149,3,1,64
14,150,3,1,65
14,151,3,0,65
14,152,3,1,66
14,153,3,1,67
14,154,4,0,67
14,155,3,1,68
14,156,3,1,69
14,157,3,1,70
14,158,3,1,71
14,159,3,1,72
14,160,3,1,73
14,161,3,1,74
14,162,0,0,74
14,163,3,1,75
14,164,3,0,75
14,165,3,1,76
14,166,3,0,76
14,167,3,1,77
14,168,3,1,78
14,169,3,1,79
14,170,3,1,80
14,171,3,0,80
14,172,3,0,80
14,173,3,0,80
14,174,3,1,81
14,175,3,1,82
14,176,3,1,83
14,177,3,1,84
14,178,3,1,85
14,179,3,1,86
14,180,3,0,86
14,181,3,1,87
14,182,3,1,88
14,183,3,0,88
14,184,3,0,88
14,185,3,1,89
14,186,3,1,90
14,187,3,0,90
14,188,3,0,90
14,189,3,1,91
14,190,3,1,92
14,191,3,1,93
14,192,3,1,94
14,193,3,1,95
14,194,1,1,96
14,195,3,1,97
14,196,3,1,98
14,197,3,1,99
14,198,3,1,100
14,199,3,0,100
14,200,3,0,100
14,201,3,0,100
14,202,3,1,101
14,203,3,1,102
14,204,3,1,103
14,205,3,1,104
14,206,3,1,105
14,207,3,1,106
14,208,3,1,107
14,209,3,1,108
14,210,3,1,109
14,211,3,0,109
14,212,3,1,110
14,213,3,1,111
14,214,3,0,111
14,215,3,1,112
14,216,3,1,113
14,217,3,1,114
14,218,3,1,115
14,219,3,1,116
14,220,3,0,116
14,221,3,1,117
14,222,3,1,118
14,223,3,0,118
14,224,3,1,119
14,225,3,0,119
14,226,3,1,120
14,227,3,0,120
14,228,3,1,121
14,229,3,1,122
14,230,3,1,123
14,231,3,1,124
14,232,3,1,125
14,233,3,1,126
14,234,3,0,126
14,235,3,1,127
14,236,3,1,128
14,237,3,0,128
14,238,3,1,129
14,239,3,1,130
14,240,3,1,131
14,241,3,1,132
14,242,3,1,133
14,243,3,0,133
14,244,3,1,134
14,245,3,1,135
14,246,3,1,136
14,247,3,0,136
14,248,3,0,136
14,249,3,1,137
14,250,3,1,138
15,1,0,0,0
15,2,2,0,0
15,3,3,1,1
15,4,1,0,1
15,5,1,0,1
15,6,4,0,1
15,7,4,0,1
15,8,0,0,1
15,9,4,1,2
15,10,3,1,3
15,11,3,0,3
15,12,0,1,4
15,13,4,1,5
15,14,4,0,5
15,15,3,1,6
15,16,3,0,6
15,17,2,0,6
15,18,3,1,7
15,19,4,0,7
15,20,3,0,7
15,21,0,0,7
15,22,3,1,8
15,23,3,1,9
15,24,3,1,10
15,25,3,1,11
15,26,3,0,11
15,27,3,0,11
15,28,3,1,12
15,29,3,1,13
15,30,0,0,13
15,31,3,1,14
15,32,3,1,15
15,33,3,1,16
15,34,3,1,17
15,35,3,0,17
15,36,3,1,18
15,37,3,1,19
15,38,0,0,19
15,39,3,1,20
15,40,3,1,21
15,41,3,1,22
15,42,3,1,23
15,43,1,1,24
15,44,1,1,25
15,45,3,1,26
15,46,3,1,27
15,47,3,1,28
15,48,3,0,28
15,49,3,1,29
15,50,3,1,30
15,51,3,1,31
15,52,3,1,32
15,53,3,0,32
15,54,3,0,32
15,55,3,1,33
15,56,3,0,33
15,57,3,1,34
15,58,1,0,34
15,59,3,0,34
15,60,3,1,35
15,61,3,1,36
15,62,2,1,37
15,63,3,1,38
15,64,3,1,39
15,65,3,1,40
15,66,3,0,40
15,67,3,1,41
15,68,1,0,41
15,69,3,0,41
15,70,3,1,42
15,71,3,0,42
15,72,3,0,42
15,73,3,1,43
15,74,2,1,44
15,75,2,0,44
15,76,3,0,44
15,77,3,1,45
15,78,3,0,45
15,79,3,1,46
15,80,3,1,47
15,81,3,1,48
15,82,3,0,48
15,83,3,1,49
15,84,4,1,50
15,85,3,0,50
15,86,3,0,50
15,87,3,1,51
15,88,3,1,52
15,89,3,1,53
15,90,3,1,54
15,91,3,0,54
15,92,3,1,55
15,93,3,1,56
15,94,3,1,57
15,95,3,0,57
15,96,3,0,57
15,97,3,0,57
15,98,3,0,57
15,99,2,0,57
15,100,3,0,57
15,101,2,0,57
15,102,4,0,57
15,103,3,0,57
15,104,3,1,58
15,105,3,1,59
15,106,3,1,60
15,107,3,1,61
15,108,3,1,62
15,109,3,1,63
15,110,4,0,63
15,111,3,1,64
15,112,3,1,65
15,113,3,0,65
15,114,3,1,66
15,115,0,0,66
15,116,3,1,67
15,117,3,0,67
15,118,3,1,68
15,119,3,0,68
15,120,3,0,68
15,121,3,1,69
15,122,3,0,69
15,123,3,0,69
15,124,4,0,69
15,125,3,1,70
15,126,3,1,71
15,127,3,1,72
15,128,2,1,73
15,129,3,0,73
15,130,3,1,74
15,131,3,1,75
15,132,3,1,76
15,133,3,1,77
15,134,3,1,78
15,135,2,1,79
15,136,3,1,80
15,137,3,0,80
15,138,3,0,80
15,139,3,1,81
15,140,3,0,81
15,141,3,0,81
15,142,3,0,81
15,143,3,1,82
15,144,3,1,83
15,145,3,0,83
15,146,2,0,83
15,147,3,1,84
15,148,3,0,84
15,149,3,1,85
15,150,3,1,86
15,151,0,0,86
15,152,3,0,86
15,153,3,1,87
15,154,3,1,88
15,155,3,1,89
15,156,3,0,89
15,157,3,1,90
15,158,3,1,91
15,159,3,1,92
15,160,3,0,92
15,161,2,0,92
15,162,3,1,93
15,163,3,1,94
15,164,3,1,95
15,165,3,1,96
15,166,3,1,97
15,167,3,1,98
15,168,3,1,99
15,169,3,0,99
15,170,1,0,99
15,171,3,1,100
15,172,3,1,101
15,173,3,0,101
15,174,3,1,102
15,175,2,0,102
15,176,3,1,103
15,177,3,1,104
15,178,3,0,104
15,179,3,1,105
15,180,3,1,106
15,181,3,1,107
15,182,3,0,107
15,183,3,0,107
15,184,3,1,108
15,185,3,1,109
15,186,3,1,110
15,187,3,0,110
15,188,3,1,111
15,189,3,0,111
15,190,3,1,112
15,191,3,1,113
15,192,3,0,113
15,193,3,0,113
15,194,3,1,114
15,195,3,0,114
15,196,3,1,115
15,197,3,0,115
15,198,3,1,116
15,199,3,0,116
15,200,3,0,116
15,201,3,1,117
15,202,3,0,117
15,203,3,1,118
15,204,3,0,118
15,205,3,0,118
15,206,3,1,119
15,207,1,1,120
15,208,3,1,121
15,209,3,1,122
15,210,3,1,123
15,211,3,1,124
15,212,3,1,125
15,213,3,1,126
15,214,3,1,127
15,215,3,1,128
15,216,1,0,128
15,217,3,1,129
15,218,3,1,130
15,219,3,1,131
15,220,3,1,132
15,221,3,1,133
15,222,3,1,134
15,223,3,0,134
15,224,3,1,135
15,225,3,0,135
15,226,3,0,135
15,227,3,0,135
15,228,3,1,136
15,229,3,1,137
15,230,3,1,138
15,231,3,1,139
15,232,1,0,139
15,233,3,0,139
15,234,3,1,140
15,235,3,0,140
15,236,3,1,141
15,237,1,0,141
15,238,3,1,142
15,239,3,0,142
15,240,3,1,143
15,241,3,0,143
15,242,3,0,143
15,243,3,1,144
15,244,3,0,144
15,245,4,1,145
15,246,3,1,146
15,247,3,0,146
15,248,2,0,146
15,249,3,1,147
15,250,3,1,148
16,1,2,0,0
16,2,0,0,0
16,3,3,1,1
16,4,2,0,1
16,5,3,1,2
16,6,1,0,2
16,7,4,0,2
16,8,3,1,3
16,9,3,1,4
16,10,3,1,5
16,11,3,1,6
16,12,3,0,6
16,13,3,1,7
16,14,3,0,7
16,15,3,0,7
16,16,3,1,8
16,17,1,1,9
16,18,3,1,10
16,19,3,1,11
16,20,3,1,12
16,21,1,0,12
16,22,3,1,13
16,23,3,1,14
16,24,3,1,15
16,25,3,1,16
16,26,3,1,17
16,27,3,1,18
16,28,3,0,18
16,29,3,1,19
16,30,3,0,19
16,31,0,0,19
16,32,2,1,20
16,33,2,1,21
16,34,3,1,22
16,35,3,1,23
16,36,3,0,23
16,37,1,0,23
16,38,3,1,24
16,39,4,0,24
16,40,3,1,25
16,41,3,1,26
16,42,2,0,26
16,43,3,0,26
16,44,3,0,26
16,45,3,1,27
16,46,3,1,28
16,47,3,1,29
16,48,0,0,29
16,49,3,0,29
16,50,0,0,29
16,51,3,0,29
16,52,3,1,30
16,53,3,1,31
16,54,3,0,31
16,55,3,1,32
16,56,3,0,32
16,57,3,0,32
16,58,3,0,32
16,59,3,1,33
16,60,2,1,34
16,61,1,0,34
16,62,3,1,35
16,63,3,1,36
16,64,3,1,37
16,65,3,1,38
16,66,3,1,39
16,67,3,1,40
16,68,3,1,41
16,69,3,1,42
16,70,3,1,43
16,71,2,0,43
16,72,2,0,43
16,73,3,1,44
16,74,3,0,44
16,75,3,0,44
16,76,3,0,44
16,77,3,0,44
16,78,3,1,45
16,79,3,0,45
16,80,3,1,46
16,81,3,1,47
16,82,3,1,48
16,83,3,1,49
16,84,3,1,50
16,85,3,1,51
16,86,3,0,51
16,87,3,1,52
16,88,3,1,53
16,89,3,0,53
16,90,3,1,54
16,91,3,1,55
16,92,3,1,56
16,93,3,1,57
16,94,3,1,58
16,95,3,1,59
16,96,3,0,59
16,97,3,1,60
16,98,3,0,60
16,99,3,1,61
16,100,3,1,62
16,101,3,0,62
16,102,3,0,62
16,103,3,0,62
16,104,3,1,63
16,105,3,1,64
16,106,3,1,65
16,107,3,1,66
16,108,3,0,66
16,109,1,0,66
16,110,3,1,67
16,111,3,1,68
16,112,3,1,69
16,113,3,1,70
16,114,3,1,71
16,115,3,0,71
16,116,3,0,71
16,117,3,0,71
16,118,3,0,71
16,119,3,0,71
16,120,3,1,72
16,121,3,0,72
16,122,3,0,72
16,123,3,1,73
16,124,3,1,74
16,125,3,0,74
16,126,3,0,74
16,127,3,1,75
16,128,3,1,76
16,129,3,1,77
16,130,3,1,78
16,131,3,1,79
16,132,3,0,79
16,133,3,1,80
16,134,3,1,81
16,135,3,0,81
16,136,3,1,82
16,137,3,1,83
16,138,3,0,83
16,139,3,1,84
16,140,3,0,84
16,141,3,1,85
16,142,3,0,85
16,143,3,0,85
16,144,3,1,86
16,145,3,1,87
16,146,3,0,87
16,147,3,1,88
16,148,3,0,88
16,149,3,0,88
16,150,3,1,89
16,151,3,0,89
16,152,3,1,90
16,153,3,1,91
16,154,3,1,92
16,155,3,0,92
16,156,3,0,92
16,157,3,1,93
16,158,4,0,93
16,159,3,1,94
16,160,3,0,94
16,161,3,1,95
16,162,3,0,95
16,163,3,0,95
16,164,3,0,95
16,165,3,1,96
16,166,3,1,97
16,167,3,1,98
16,168,3,1,99
16,169,3,1,100
16,170,3,0,100
16,171,3,1,101
16,172,3,0,101
16,173,3,1,102
16,174,2,0,102
16,175,3,1,103
16,176,3,1,104
16,177,3,0,104
16,178,3,1,105
16,179,3,1,106
16,180,3,0,106
16,181,3,1,107
16,182,3,0,107
16,183,3,0,107
16,184,3,0,107
16,185,3,1,108
16,186,3,0,108
16,187,3,1,109
16,188,3,1,110
16,189,3,0,110
16,190,3,0,110
16,191,3,1,111
16,192,3,1,112
16,193,3,1,113
16,194,3,1,114
16,195,3,1,115
16,196,3,1,116
16,197,4,0,116
16,198,3,0,116
16,199,3,1,117
16,200,2,0,117
16,201,3,0,117
16,202,3,1,118
16,203,3,0,118
16,204,3,1,119
16,205,3,1,120
16,206,3,1,121
16,207,3,1,122
16,208,3,1,123
16,209,3,1,124
16,210,3,1,125
16,211,3,0,125
16,212,1,1,126
16,213,3,0,126
16,214,1,1,127
16,215,3,0,127
16,216,3,1,128
16,217,3,0,128
16,218,3,1,129
16,219,3,0,129
16,220,3,1,130
16,221,3,0,130
16,222,3,0,130
16,223,3,0,130
16,224,1,1,131
16,225,1,1,132
16,226,3,1,133
16,227,3,0,133
16,228,3,1,134
16,229,1,1,135
16,230,3,1,136
16,231,1,0,136
16,232,1,1,137
16,233,1,0,137
16,234,3,0,137
16,235,3,1,138
16,236,3,1,139
16,237,3,0,139
16,238,3,0,139
16,239,1,0,139
16,240,3,1,140
16,241,3,0,140
16,242,3,1,141
16,243,3,0,141
16,244,4,0,141
16,245,3,1,142
16,246,3,1,143
16,247,3,0,143
16,248,3,0,143
16,249,3,1,144
16,250,3,1,145
17,1,1,1,1
17,2,1,0,1
17,3,2,0,1
17,4,0,0,1
17,5,4,0,1
17,6,3,1,2
17,7,3,1,3
17,8,3,1,4
17,9,3,1,5
17,10,3,0,5
17,11,3,0,5
17,12,3,1,6
17,13,0,1,7
17,14,3,1,8
17,15,0,0,8
17,16,1,0,8
17,17,3,1,9
17,18,2,0,9
17,19,3,1,10
17,20,3,1,11
17,21,3,1,12
17,22,3,0,12
17,23,4,0,12
17,24,3,1,13
17,25,1,1,14
17,26,1,0,14
17,27,1,1,15
17,28,3,1,16
17,29,3,1,17
17,30,3,0,17
17,31,3,0,17
17,32,0,0,17
17,33,3,1,18
17,34,3,1,19
17,35,3,0,19
17,36,3,1,20
17,37,3,0,20
17,38,1,0,20
17,39,3,0,20
17,40,0,0,20
17,41,3,1,21
17,42,3,1,22
17,43,3,0,22
17,44,1,0,22
17,45,3,1,23
17,46,3,0,23
17,47,3,0,23
17,48,3,1,24
17,49,4,0,24
17,50,3,0,24
17,51,3,0,24
17,52,3,1,25
17,53,0,0,25
17,54,3,1,26
17,55,3,0,26
17,56,3,1,27
17,57,3,1,28
17,58,3,1,29
17,59,3,1,30
17,60,3,0,30
17,61,3,1,31
17,62,3,1,32
17,63,3,1,33
17,64,3,1,34
17,65,3,1,35
17,66,3,1,36
17,67,3,1,37
17,68,3,1,38
17,69,3,1,39
17,70,3,1,40
17,71,3,0,40
17,72,3,0,40
17,73,3,1,41
17,74,3,1,42
17,75,3,1,43
17,76,3,1,44
17,77,3,1,45
17,78,3,1,46
17,79,3,0,46
17,80,3,0,46
17,81,3,1,47
17,82,2,0,47
17,83,3,0,47
17,84,1,0,47
17,85,3,1,48
17,86,3,0,48
17,87,3,1,49
17,88,3,0,49
17,89,3,1,50
17,90,3,1,51
17,91,3,1,52
17,92,3,1,53
17,93,3,1,54
17,94,3,1,55
17,95,0,0,55
17,96,3,0,55
17,97,3,1,56
17,98,3,0,56
17,99,3,0,56
17,100,3,1,57
17,101,3,1,58
17,102,3,0,58
17,103,3,1,59
17,104,1,0,59
17,105,3,0,59
17,106,3,0,59
17,107,3,1,60
17,108,3,0,60
17,109,3,1,61
17,110,3,0,61
17,111,2,0,61
17,112,3,0,61
17,113,0,0,61
17,114,3,1,62
17,115,3,1,63
17,116,3,1,64
17,117,3,0,64
17,118,3,0,64
17,119,3,1,65
17,120,3,0,65
17,121,3,1,66
17,122,3,0,66
17,123,3,1,67
17,124,3,1,68
17,125,3,1,69
17,126,3,1,70
17,127,3,1,71
17,128,3,1,72
17,129,3,1,73
17,130,3,1,74
17,131,3,1,75
17,132,3,1,76
17,133,3,1,77
17,134,3,0,77
17,135,3,1,78
17,136,3,1,79
17,137,3,1,80
17,138,3,1,81
17,139,3,1,82
17,140,3,1,83
17,141,3,1,84
17,142,3,1,85
17,143,3,1,86
17,144,3,1,87
17,145,3,1,88
17,146,3,1,89
17,147,3,1,90
17,148,3,0,90
17,149,3,0,90
17,150,3,1,91
17,151,3,1,92
17,152,3,1,93
17,153,3,0,93
17,154,3,1,94
17,155,3,1,95
17,156,3,1,96
17,157,3,0,96
17,158,3,0,96
17,159,3,0,96
17,160,3,0,96
17,161,3,1,97
17,162,3,0,97
17,163,3,1,98
17,164,3,1,99
17,165,3,0,99
17,166,3,1,100
17,167,3,0,100
17,168,3,1,101
17,169,3,0,101
17,170,3,1,102
17,171,3,1,103
17,172,3,0,103
17,173,3,0,103
17,174,3,0,103
17,175,3,0,103
17,176,3,1,104
17,177,3,1,105
17,178,3,1,106
17,179,3,0,106
17,180,3,0,106
17,181,3,0,106
17,182,3,1,107
17,183,3,0,107
17,184,3,1,108
17,185,3,0,108
17,186,3,0,108
17,187,3,1,109
17,188,3,1,110
17,189,3,1,111
17,190,3,1,112
17,191,3,1,113
17,192,3,0,113
17,193,3,1,114
17,194,3,1,115
17,195,3,1,116
17,196,3,1,117
17,197,3,1,118
17,198,3,1,119
17,199,3,1,120
17,200,3,1,121
17,201,3,1,122
17,202,1,0,122
17,203,3,1,123
17,204,3,0,123
17,205,3,1,124
17,206,3,0,124
17,207,3,1,125
17,208,3,1,126
17,209,3,0,126
17,210,3,1,127
17,211,3,1,128
17,212,3,1,129
17,213,3,0,129
17,214,3,0,129
17,215,3,1,130
17,216,3,1,131
17,217,3,1,132
17,218,3,1,133
17,219,3,0,133
17,220,3,0,133
17,221,3,1,134
17,222,3,0,134
17,223,3,1,135
17,224,3,1,136
17,225,3,1,137
17,226,3,0,137
17,227,3,0,137
17,228,2,1,138
17,229,3,1,139
17,230,3,1,140
17,231,3,0,140
17,232,3,1,141
17,233,3,1,142
17,234,3,1,143
17,235,3,1,144
17,236,3,1,145
17,237,3,0,145
17,238,3,0,145
17,239,3,1,146
17,240,3,1,147
17,241,3,0,147
17,242,3,1,148
17,243,3,1,149
17,244,3,0,149
17,245,3,1,150
17,246,3,1,151
17,247,3,1,152
17,248,3,0,152
17,249,3,0,152
17,250,3,1,153
18,1,1,1,1
18,2,1,1,2
18,3,0,0,2
18,4,4,0,2
18,5,1,0,2
18,6,2,0,2
18,7,3,1,3
18,8,1,1,4
18,9,3,1,5
18,10,4,0,5
18,11,1,0,5
18,12,3,1,6
18,13,3,1,7
18,14,3,1,8
18,15,3,0,8
18,16,3,0,8
18,17,2,0,8
18,18,3,1,9
18,19,1,0,9
18,20,3,1,10
18,21,4,0,10
18,22,3,1,11
18,23,3,0,11
18,24,2,0,11
18,25,3,1,12
18,26,1,0,12
18,27,3,0,12
18,28,3,0,12
18,29,3,1,13
18,30,3,0,13
18,31,3,1,14
18,32,3,1,15
18,33,3,0,15
18,34,0,0,15
18,35,3,0,15
18,36,1,0,15
18,37,3,0,15
18,38,3,0,15
18,39,3,1,16
18,40,2,0,16
18,41,0,1,17
18,42,1,0,17
18,43,0,0,17
18,44,3,0,17
18,45,3,1,18
18,46,1,0,18
18,47,0,0,18
18,48,0,0,18
18,49,3,1,19
18,50,3,1,20
18,51,3,0,20
18,52,3,1,21
18,53,3,1,22
18,54,3,0,22
18,55,2,0,22
18,56,3,0,22
18,57,3,1,23
18,58,1,0,23
18,59,3,0,23
18,60,1,0,23
18,61,3,0,23
18,62,3,0,23
18,63,3,1,24
18,64,3,1,25
18,65,3,1,26
18,66,3,1,27
18,67,3,0,27
18,68,3,1,28
18,69,3,1,29
18,70,3,0,29
18,71,3,0,29
18,72,3,1,30
18,73,0,0,30
18,74,3,1,31
18,75,3,0,31
18,76,3,1,32
18,77,3,1,33
18,78,3,1,34
18,79,3,1,35
18,80,3,0,35
18,81,3,0,35
18,82,3,1,36
18,83,4,0,36
18,84,4,1,37
18,85,4,0,37
18,86,3,0,37
18,87,3,0,37
18,88,3,0,37
18,89,3,1,38
18,90,3,1,39
18,91,3,0,39
18,92,3,1,40
18,93,3,1,41
18,94,4,0,41
18,95,3,0,41
18,96,3,1,42
18,97,3,0,42
18,98,3,1,43
18,99,3,1,44
18,100,3,0,44
18,101,3,0,44
18,102,3,1,45
18,103,3,0,45
18,104,3,1,46
18,105,3,1,47
18,106,0,0,47
18,107,3,1,48
18,108,3,1,49
18,109,3,1,50
18,110,3,1,51
18,111,3,0,51
18,112,3,1,52
18,113,3,1,53
18,114,3,0,53
18,115,3,0,53
18,116,3,1,54
18,117,3,0,54
18,118,3,0,54
18,119,3,1,55
18,120,3,0,55
18,121,3,1,56
18,122,3,0,56
18,123,3,0,56
18,124,3,1,57
18,125,3,0,57
18,126,3,0,57
18,127,3,1,58
18,128,3,0,58
18,129,3,0,58
18,130,3,0,58
18,131,3,1,59
18,132,1,0,59
18,133,3,1,60
18,134,3,1,61
18,135,3,1,62
18,136,3,0,62
18,137,3,0,62
18,138,3,1,63
18,139,1,0,63
18,140,3,0,63
18,141,3,1,64
18,142,3,1,65
18,143,3,1,66
18,144,3,1,67
18,145,3,0,67
18,146,3,1,68
18,147,3,1,69
18,148,3,1,70
18,149,3,1,71
18,150,3,1,72
18,151,3,0,72
18,152,3,1,73
18,153,3,1,74
18,154,3,0,74
18,155,3,1,75
18,156,3,0,75
18,157,3,1,76
18,158,3,0,76
18,159,3,0,76
18,160,3,1,77
18,161,3,0,77
18,162,3,1,78
18,163,3,1,79
18,164,3,0,79
18,165,3,1,80
18,166,3,0,80
18,167,3,1,81
18,168,3,1,82
18,169,3,0,82
18,170,3,1,83
18,171,3,1,84
18,172,3,0,84
18,173,3,0,84
18,174,3,1,85
18,175,3,1,86
18,176,3,0,86
18,177,3,0,86
18,178,3,1,87
18,179,3,1,88
18,180,3,1,89
18,181,3,1,90
18,182,3,0,90
18,183,3,0,90
18,184,3,0,90
18,185,3,0,90
18,186,3,0,90
18,187,3,0,90
18,188,3,0,90
18,189,3,0,90
18,190,3,0,90
18,191,3,1,91
18,192,3,1,92
18,193,3,0,92
18,194,3,1,93
18,195,3,1,94
18,196,3,1,95
18,197,3,0,95
18,198,3,0,95
18,199,3,1,96
18,200,3,0,96
18,201,3,1,97
18,202,3,0,97
18,203,3,1,98
18,204,3,1,99
18,205,3,0,99
18,206,3,1,100
18,207,3,1,101
18,208,3,1,102
18,209,3,1,103
18,210,3,1,104
18,211,3,1,105
18,212,3,0,105
18,213,3,1,106
18,214,3,1,107
18,215,3,1,108
18,216,3,1,109
18,217,3,1,110
18,218,4,1,111
18,219,3,1,112
18,220,3,0,112
18,221,3,1,113
18,222,3,1,114
18,223,3,1,115
18,224,3,1,116
18,225,3,1,117
18,226,3,1,118
18,227,3,1,119
18,228,3,0,119
18,229,3,1,120
18,230,3,1,121
18,231,3,0,121
18,232,3,1,122
18,233,3,1,123
18,234,3,1,124
18,235,3,1,125
18,236,4,0,125
18,237,3,1,126
18,238,3,1,127
18,239,3,1,128
18,240,3,0,128
18,241,3,1,129
18,242,3,0,129
18,243,3,0,129
18,244,3,0,129
18,245,3,1,130
18,246,3,1,131
18,247,3,1,132
18,248,3,1,133
18,249,3,1,134
18,250,3,0,134
19,1,0,0,0
19,2,1,1,1
19,3,4,0,1
19,4,1,1,2
19,5,1,1,3
19,6,1,1,4
19,7,1,0,4
19,8,3,0,4
19,9,1,0,4
19,10,1,0,4
19,11,3,1,5
19,12,4,0,5
19,13,1,0,5
19,14,2,0,5
19,15,3,1,6
19,16,3,1,7
19,17,3,0,7
19,18,2,1,8
19,19,1,0,8
19,20,0,0,8
19,21,3,1,9
19,22,4,0,9
19,23,2,0,9
19,24,3,0,9
19,25,2,0,9
19,26,3,1,10
19,27,3,1,11
19,28,1,0,11
19,29,3,1,12
19,30,1,0,12
19,31,0,0,12
19,32,3,1,13
19,33,3,1,14
19,34,3,0,14
19,35,3,0,14
19,36,3,1,15
19,37,1,0,15
19,38,3,0,15
19,39,3,1,16
19,40,3,0,16
19,41,3,1,17
19,42,3,1,18
19,43,3,1,19
19,44,3,1,20
19,45,3,1,21
19,46,3,1,22
19,47,3,1,23
19,48,3,0,23
19,49,3,1,24
19,50,3,1,25
19,51,3,1,26
19,52,3,0,26
19,53,3,1,27
19,54,3,1,28
19,55,3,0,28
19,56,3,0,28
19,57,3,1,29
19,58,3,0,29
19,59,3,1,30
19,60,3,0,30
19,61,3,0,30
19,62,3,1,31
19,63,3,1,32
19,64,3,1,33
19,65,3,1,34
19,66,3,0,34
19,67,3,0,34
19,68,2,1,35
19,69,3,0,35
19,70,3,0,35
19,71,3,0,35
19,72,3,1,36
19,73,2,0,36
19,74,3,1,37
19,75,3,1,38
19,76,3,1,39
19,77,3,1,40
19,78,3,1,41
19,79,3,1,42
19,80,3,0,42
19,81,3,1,43
19,82,0,0,43
19,83,2,0,43
19,84,3,1,44
19,85,3,1,45
19,86,3,0,45
19,87,3,1,46
19,88,3,1,47
19,89,3,1,48
19,90,2,1,49
19,91,3,1,50
19,92,3,1,51
19,93,3,0,51
19,94,3,0,51
19,95,3,0,51
19,96,3,0,51
19,97,3,0,51
19,98,3,0,51
19,99,3,1,52
19,100,3,1,53
19,101,3,0,53
19,102,3,0,53
19,103,3,1,54
19,104,3,1,55
19,105,3,1,56
19,106,3,0,56
19,107,3,0,56
19,108,3,1,57
19,109,3,0,57
19,110,3,1,58
19,111,3,0,58
19,112,3,1,59
19,113,3,1,60
19,114,3,1,61
19,115,4,0,61
19,116,3,1,62
19,117,1,0,62
19,118,3,0,62
19,119,3,1,63
19,120,3,0,63
19,121,3,1,64
19,122,2,0,64
19,123,3,0,64
19,124,3,0,64
19,125,2,0,64
19,126,3,1,65
19,127,3,1,66
19,128,3,0,66
19,129,3,0,66
19,130,3,1,67
19,131,3,1,68
19,132,3,0,68
19,133,3,1,69
19,134,3,1,70
19,135,3,1,71
19,136,3,1,72
19,137,3,0,72
19,138,3,1,73
19,139,3,0,73
19,140,3,1,74
19,141,3,0,74
19,142,3,0,74
19,143,3,0,74
19,144,1,0,74
19,145,3,1,75
19,146,3,0,75
19,147,3,0,75
19,148,3,1,76
19,149,3,1,77
19,150,3,0,77
19,151,3,0,77
19,152,3,1,78
19,153,3,1,79
19,154,0,0,79
19,155,3,1,80
19,156,3,1,81
19,157,3,1,82
19,158,3,1,83
19,159,3,1,84
19,160,3,0,84
19,161,2,0,84
19,162,3,1,85
19,163,3,1,86
19,164,3,0,86
19,165,3,1,87
19,166,3,1,88
19,167,3,1,89
19,168,3,1,90
19,169,3,0,90
19,170,3,1,91
19,171,3,1,92
19,172,3,1,93
19,173,3,1,94
19,174,3,0,94
19,175,3,0,94
19,176,3,1,95
19,177,3,0,95
19,178,3,1,96
19,179,3,0,96
19,180,3,1,97
19,181,3,0,97
19,182,3,1,98
19,183,3,0,98
19,184,3,0,98
19,185,3,0,98
19,186,3,1,99
19,187,3,1,100
19,188,3,1,101
19,189,3,1,102
19,190,3,0,102
19,191,3,1,103
19,192,3,0,103
19,193,3,1,104
19,194,3,1,105
19,195,3,0,105
19,196,3,1,106
19,197,3,1,107
19,198,3,0,107
19,199,3,0,107
19,200,3,1,108
19,201,3,1,109
19,202,3,1,110
19,203,3,1,111
19,204,3,1,112
19,205,3,1,113
19,206,3,1,114
19,207,3,0,114
19,208,3,1,115
19,209,3,1,116
19,210,3,1,117
19,211,1,1,118
19,212,3,1,119
19,213,3,0,119
19,214,3,1,120
19,215,3,0,120
19,216,3,1,121
19,217,3,1,122
19,218,3,1,123
19,219,4,0,123
19,220,3,1,124
19,221,3,0,124
19,222,3,1,125
19,223,3,0,125
19,224,3,1,126
19,225,3,1,127
19,226,2,1,128
19,227,3,1,129
19,228,3,0,129
19,229,3,1,130
19,230,2,0,130
19,231,3,0,130
19,232,3,0,130
19,233,3,0,130
19,234,3,1,131
19,235,3,1,132
19,236,3,1,133
19,237,3,0,133
19,238,3,1,134
19,239,3,1,135
19,240,3,1,136
19,241,3,1,137
19,242,3,1,138
19,243,3,1,139
19,244,3,0,139
19,245,3,1,140
19,246,3,1,141
19,247,3,1,142
19,248,3,0,142
19,249,0,0,142
19,250,3,0,142
20,1,4,1,1
20,2,2,0,1
20,3,1,0,1
20,4,3,1,2
20,5,4,0,2
20,6,2,0,2
20,7,3,0,2
20,8,4,0,2
20,9,1,0,2
20,10,3,1,3
20,11,3,1,4
20,12,0,0,4
20,13,4,0,4
20,14,3,1,5
20,15,3,1,6
20,16,3,0,6
20,17,3,0,6
20,18,3,1,7
20,19,3,1,8
20,20,3,1,9
20,21,3,1,10
20,22,3,1,11
20,23,3,0,11
20,24,3,0,11
20,25,1,0,11
20,26,3,1,12
20,27,3,0,12
20,28,3,1,13
20,29,3,1,14
20,30,3,1,15
20,31,3,0,15
20,32,3,0,15
20,33,3,1,16
20,34,0,1,17
20,35,3,0,17
20,36,0,0,17
20,37,3,1,18
20,38,3,1,19
20,39,0,1,20
20,40,3,0,20
20,41,3,1,21
20,42,3,0,21
20,43,4,0,21
20,44,3,1,22
20,45,0,0,22
20,46,3,1,23
20,47,3,0,23
20,48,3,1,24
20,49,3,1,25
20,50,3,0,25
20,51,3,1,26
20,52,0,0,26
20,53,3,1,27
20,54,3,1,28
20,55,3,1,29
20,56,3,0,29
20,57,3,1,30
20,58,4,0,30
20,59,3,0,30
20,60,0,0,30
20,61,3,0,30
20,62,3,0,30
20,63,3,1,31
20,64,3,1,32
20,65,3,0,32
20,66,3,0,32
20,67,3,1,33
20,68,3,1,34
20,69,3,1,35
20,70,3,0,35
20,71,3,0,35
20,72,0,0,35
20,73,3,1,36
20,74,2,0,36
20,75,3,1,37
20,76,3,1,38
20,77,3,1,39
20,78,3,1,40
20,79,3,1,41
20,80,3,0,41
20,81,3,1,42
20,82,3,0,42
20,83,2,0,42
20,84,1,0,42
20,85,3,1,43
20,86,3,0,43
20,87,3,0,43
20,88,3,1,44
20,89,3,1,45
20,90,3,0,45
20,91,3,1,46
20,92,3,1,47
20,93,3,1,48
20,94,3,1,49
20,95,3,1,50
20,96,3,1,51
20,97,1,1,52
20,98,3,1,53
20,99,3,1,54
20,100,0,0,54
20,101,2,1,55
20,102,3,1,56
20,103,3,0,56
20,104,3,1,57
20,105,3,1,58
20,106,3,1,59
20,107,3,0,59
20,108,3,1,60
20,109,3,0,60
20,110,3,1,61
20,111,3,1,62
20,112,3,1,63
20,113,3,1,64
20,114,3,1,65
20,115,3,0,65
20,116,3,0,65
20,117,3,0,65
20,118,3,0,65
20,119,3,1,66
20,120,1,0,66
20,121,3,1,67
20,122,3,1,68
20,123,3,0,68
20,124,3,1,69
20,125,3,1,70
20,126,3,1,71
20,127,3,0,71
20,128,3,1,72
20,129,3,0,72
20,130,3,0,72
20,131,3,0,72
20,132,3,0,72
20,133,3,0,72
20,134,3,0,72
20,135,3,1,73
20,136,3,0,73
20,137,3,1,74
20,138,3,1,75
20,139,3,1,76
20,140,3,1,77
20,141,3,1,78
20,142,0,0,78
20,143,3,0,78
20,144,3,0,78
20,145,3,1,79
20,146,3,0,79
20,147,3,0,79
20,148,3,0,79
20,149,3,0,79
20,150,3,1,80
20,151,3,1,81
20,152,3,0,81
20,153,3,1,82
20,154,2,0,82
20,155,0,0,82
20,156,3,0,82
20,157,3,1,83
20,158,3,1,84
20,159,3,1,85
20,160,3,1,86
20,161,3,0,86
20,162,3,1,87
20,163,3,1,88
20,164,3,1,89
20,165,3,1,90
20,166,3,1,91
20,167,3,1,92
20,168,3,1,93
20,169,3,1,94
20,170,3,1,95
20,171,3,1,96
20,172,3,1,97
20,173,3,0,97
20,174,3,1,98
20,175,3,1,99
20,176,3,1,100
20,177,3,1,101
20,178,3,1,102
20,179,3,1,103
20,180,3,0,103
20,181,3,1,104
20,182,3,0,104
20,183,3,0,104
20,184,3,1,105
20,185,3,1,106
20,186,3,0,106
20,187,3,1,107
20,188,3,1,108
20,189,3,1,109
20,190,3,1,110
20,191,3,0,110
20,192,3,0,110
20,193,3,0,110
20,194,3,1,111
20,195,3,1,112
20,196,3,1,113
20,197,3,1,114
20,198,3,1,115
20,199,3,0,115
20,200,3,0,115
20,201,3,1,116
20,202,3,0,116
20,203,3,0,116
20,204,1,0,116
20,205,3,1,117
20,206,3,0,117
20,207,3,1,118
20,208,3,1,119
20,209,3,1,120
20,210,3,1,121
20,211,3,1,122
20,212,3,0,122
20,213,3,0,122
20,214,3,1,123
20,215,3,1,124
20,216,3,1,125
20,217,3,1,126
20,218,3,1,127
20,219,3,0,127
20,220,2,1,128
20,221,3,0,128
20,222,3,0,128
20,223,3,0,128
20,224,3,0,128
20,225,3,0,128
20,226,3,1,129
20,227,3,1,130
20,228,3,0,130
20,229,3,1,131
20,230,3,0,131
20,231,3,0,131
20,232,3,0,131
20,233,3,0,131
20,234,3,1,132
20,235,3,1,133
20,236,3,1,134
20,237,3,0,134
20,238,3,1,135
20,239,3,0,135
20,240,3,0,135
20,241,3,1,136
20,242,3,0,136
20,243,3,1,137
20,244,3,0,137
20,245,3,1,138
20,246,3,1,139
20,247,3,0,139
20,248,3,1,140
20,249,3,1,141
20,250,3,1,142